0,0,7PedAegeFe3CCIIzR6KiivCIwUA=,yH38kUrXb90ZMrFJs7Y6SRAme8w=
0,1,7PedAegeFe3CCIIzR6KiivCIwUA=,yH38kUrXb90ZMrFJs7Y6SRAme8w=
0,2,7PedAegeFe3CCIIzR6KiivCIwUA=,tu6HdGaY0OwM13KgLGa37TQQS84=
0,3,7PedAegeFe3CCIIzR6KiivCIwUA=,tu6HdGaY0OwM13KgLGa37TQQS84=
0,4,7PedAegeFe3CCIIzR6KiivCIwUA=,tu6HdGaY0OwM13KgLGa37TQQS84=
0,5,7PedAegeFe3CCIIzR6KiivCIwUA=,vO3BhSaZxqoxvz+hquxysVOka+o=
0,6,7PedAegeFe3CCIIzR6KiivCIwUA=,+ihIgNbPf3Z6MEXRUNpYcpQgQFI=
0,7,7PedAegeFe3CCIIzR6KiivCIwUA=,f/jkyFS8wt7QtPPwDRs1jcfUi10=
0,8,7PedAegeFe3CCIIzR6KiivCIwUA=,aG3qS21kYLbmbN9FLEMIjYxzn/A=
0,9,7PedAegeFe3CCIIzR6KiivCIwUA=,aG3qS21kYLbmbN9FLEMIjYxzn/A=
0,10,7PedAegeFe3CCIIzR6KiivCIwUA=,3QRpIglGlrDtWcfZGOsT7KTUh/k=
1,1,A7XgxU/7+5N9D5chN+mlzVtXiHs=,edHphJ0164K66Ulu1Msure1668k=
1,0,A7XgxU/7+5N9D5chN+mlzVtXiHs=,edHphJ0164K66Ulu1Msure1668k=
1,3,A7XgxU/7+5N9D5chN+mlzVtXiHs=,edHphJ0164K66Ulu1Msure1668k=
1,2,A7XgxU/7+5N9D5chN+mlzVtXiHs=,edHphJ0164K66Ulu1Msure1668k=
1,5,A7XgxU/7+5N9D5chN+mlzVtXiHs=,edHphJ0164K66Ulu1Msure1668k=
1,4,AyKi+r7L6Epr4fEHGEu3/7dxMog=,edHphJ0164K66Ulu1Msure1668k=
1,7,AyKi+r7L6Epr4fEHGEu3/7dxMog=,edHphJ0164K66Ulu1Msure1668k=
1,6,AyKi+r7L6Epr4fEHGEu3/7dxMog=,edHphJ0164K66Ulu1Msure1668k=
1,9,AyKi+r7L6Epr4fEHGEu3/7dxMog=,L+cEaPqNsSnTlQ+ZvpjEBjI6Sfw=
1,8,AyKi+r7L6Epr4fEHGEu3/7dxMog=,CxsstrzyJDPvQj2SxIVxMxhOwrk=
1,10,AyKi+r7L6Epr4fEHGEu3/7dxMog=,CxsstrzyJDPvQj2SxIVxMxhOwrk=
2,2,N2WvT5PMqYnclALOfv79CFQeduM=,oxeeGxCOCdVblvZC5skB7vZEawY=
2,3,N2WvT5PMqYnclALOfv79CFQeduM=,oxeeGxCOCdVblvZC5skB7vZEawY=
2,0,N2WvT5PMqYnclALOfv79CFQeduM=,oxeeGxCOCdVblvZC5skB7vZEawY=
2,1,N2WvT5PMqYnclALOfv79CFQeduM=,oxeeGxCOCdVblvZC5skB7vZEawY=
2,6,N2WvT5PMqYnclALOfv79CFQeduM=,oxeeGxCOCdVblvZC5skB7vZEawY=
2,7,N2WvT5PMqYnclALOfv79CFQeduM=,oxeeGxCOCdVblvZC5skB7vZEawY=
2,4,N2WvT5PMqYnclALOfv79CFQeduM=,oxeeGxCOCdVblvZC5skB7vZEawY=
2,5,N2WvT5PMqYnclALOfv79CFQeduM=,oxeeGxCOCdVblvZC5skB7vZEawY=
2,10,N2WvT5PMqYnclALOfv79CFQeduM=,pbFwbwZ2c+pVkA1gB2e9Zjc/lic=
2,8,N2WvT5PMqYnclALOfv79CFQeduM=,pbFwbwZ2c+pVkA1gB2e9Zjc/lic=
2,9,N2WvT5PMqYnclALOfv79CFQeduM=,pbFwbwZ2c+pVkA1gB2e9Zjc/lic=
3,3,9T7mXw2iVuftH5AfSQCrgcRUzjU=,yetGzfhvcxTSlwdJWd19OkIk2s8=
3,2,9T7mXw2iVuftH5AfSQCrgcRUzjU=,weHNuBRJsmlZ0YLLcu/r1xRq1WA=
3,1,9T7mXw2iVuftH5AfSQCrgcRUzjU=,weHNuBRJsmlZ0YLLcu/r1xRq1WA=
3,0,9T7mXw2iVuftH5AfSQCrgcRUzjU=,weHNuBRJsmlZ0YLLcu/r1xRq1WA=
3,7,9T7mXw2iVuftH5AfSQCrgcRUzjU=,weHNuBRJsmlZ0YLLcu/r1xRq1WA=
3,6,9T7mXw2iVuftH5AfSQCrgcRUzjU=,weHNuBRJsmlZ0YLLcu/r1xRq1WA=
3,5,9T7mXw2iVuftH5AfSQCrgcRUzjU=,weHNuBRJsmlZ0YLLcu/r1xRq1WA=
3,4,9T7mXw2iVuftH5AfSQCrgcRUzjU=,weHNuBRJsmlZ0YLLcu/r1xRq1WA=
3,10,9T7mXw2iVuftH5AfSQCrgcRUzjU=,weHNuBRJsmlZ0YLLcu/r1xRq1WA=
3,9,9T7mXw2iVuftH5AfSQCrgcRUzjU=,weHNuBRJsmlZ0YLLcu/r1xRq1WA=
3,8,9T7mXw2iVuftH5AfSQCrgcRUzjU=,weHNuBRJsmlZ0YLLcu/r1xRq1WA=
4,4,II7iOJZO3M+nuJEAfEYa/IcgpR4=,UABSdD1TsZkTQ4sxz5c/r8v7OvM=
4,5,II7iOJZO3M+nuJEAfEYa/IcgpR4=,sgRD4kJmkVGkwoSNCQkh0S/ONms=
4,6,II7iOJZO3M+nuJEAfEYa/IcgpR4=,A+v7KqoKz4qFLcyi4cmBX4h3S+U=
4,7,II7iOJZO3M+nuJEAfEYa/IcgpR4=,A+v7KqoKz4qFLcyi4cmBX4h3S+U=
4,0,fryLI3zBXgY+/datXxoy7aBmqT0=,A+v7KqoKz4qFLcyi4cmBX4h3S+U=
4,1,fryLI3zBXgY+/datXxoy7aBmqT0=,A+v7KqoKz4qFLcyi4cmBX4h3S+U=
4,2,fryLI3zBXgY+/datXxoy7aBmqT0=,A+v7KqoKz4qFLcyi4cmBX4h3S+U=
4,3,fryLI3zBXgY+/datXxoy7aBmqT0=,A+v7KqoKz4qFLcyi4cmBX4h3S+U=
4,8,fryLI3zBXgY+/datXxoy7aBmqT0=,A+v7KqoKz4qFLcyi4cmBX4h3S+U=
4,9,fryLI3zBXgY+/datXxoy7aBmqT0=,A+v7KqoKz4qFLcyi4cmBX4h3S+U=
4,10,II7iOJZO3M+nuJEAfEYa/IcgpR4=,z5xO2aEQYPy+0cPIrwhVuBBTXb4=
5,5,fryLI3zBXgY+/datXxoy7aBmqT0=,b3EUKbWd+C1tOgyFedxklYuPo2k=
5,4,720/9AhcOmGn8Ce2x+cqSkV/aMQ=,b3EUKbWd+C1tOgyFedxklYuPo2k=
5,7,720/9AhcOmGn8Ce2x+cqSkV/aMQ=,b3EUKbWd+C1tOgyFedxklYuPo2k=
5,6,720/9AhcOmGn8Ce2x+cqSkV/aMQ=,b3EUKbWd+C1tOgyFedxklYuPo2k=
5,1,720/9AhcOmGn8Ce2x+cqSkV/aMQ=,b3EUKbWd+C1tOgyFedxklYuPo2k=
5,0,fryLI3zBXgY+/datXxoy7aBmqT0=,jM0J0LvqhM/XElf+9MqNbrGfC3I=
5,3,720/9AhcOmGn8Ce2x+cqSkV/aMQ=,GlPCusAGQkfWkI+5VoWJ29hLfbE=
5,2,720/9AhcOmGn8Ce2x+cqSkV/aMQ=,GlPCusAGQkfWkI+5VoWJ29hLfbE=
5,8,720/9AhcOmGn8Ce2x+cqSkV/aMQ=,GlPCusAGQkfWkI+5VoWJ29hLfbE=
6,6,Ub7IRZG6bcvWMlQFUPQ+f3TgkFg=,Tgas3ReL2XDTzPxDsriuYqGVFIU=
6,7,Ub7IRZG6bcvWMlQFUPQ+f3TgkFg=,Tgas3ReL2XDTzPxDsriuYqGVFIU=
6,4,Ub7IRZG6bcvWMlQFUPQ+f3TgkFg=,Tgas3ReL2XDTzPxDsriuYqGVFIU=
6,5,Ub7IRZG6bcvWMlQFUPQ+f3TgkFg=,Tgas3ReL2XDTzPxDsriuYqGVFIU=
6,2,Ub7IRZG6bcvWMlQFUPQ+f3TgkFg=,Tgas3ReL2XDTzPxDsriuYqGVFIU=
6,3,Ub7IRZG6bcvWMlQFUPQ+f3TgkFg=,Tgas3ReL2XDTzPxDsriuYqGVFIU=
6,16,720/9AhcOmGn8Ce2x+cqSkV/aMQ=,jM0J0LvqhM/XElf+9MqNbrGfC3I=
6,0,Ub7IRZG6bcvWMlQFUPQ+f3TgkFg=,1n/whr8byXG5XSpEPIjpk3cDdCo=
6,1,Ub7IRZG6bcvWMlQFUPQ+f3TgkFg=,Tgas3ReL2XDTzPxDsriuYqGVFIU=
6,14,Ub7IRZG6bcvWMlQFUPQ+f3TgkFg=,hN3O//G9cpnf4+qLocK4nQRchOE=
6,15,Ub7IRZG6bcvWMlQFUPQ+f3TgkFg=,hN3O//G9cpnf4+qLocK4nQRchOE=
6,12,Ub7IRZG6bcvWMlQFUPQ+f3TgkFg=,hN3O//G9cpnf4+qLocK4nQRchOE=
6,13,Ub7IRZG6bcvWMlQFUPQ+f3TgkFg=,hN3O//G9cpnf4+qLocK4nQRchOE=
6,10,Ub7IRZG6bcvWMlQFUPQ+f3TgkFg=,hN3O//G9cpnf4+qLocK4nQRchOE=
6,11,Ub7IRZG6bcvWMlQFUPQ+f3TgkFg=,hN3O//G9cpnf4+qLocK4nQRchOE=
6,8,Ub7IRZG6bcvWMlQFUPQ+f3TgkFg=,/bNybWJo6mTkXLDJd4WFnPHt3pE=
6,9,Ub7IRZG6bcvWMlQFUPQ+f3TgkFg=,TQLUdS3hX4U9v4ZsTXdA0/Fa9z8=
7,6,qpN4T6rXVGp/qDBH/lx0qZM2Wck=,lJsjNFE10aeCH/+IGRS70TGzQI8=
7,5,qpN4T6rXVGp/qDBH/lx0qZM2Wck=,lJsjNFE10aeCH/+IGRS70TGzQI8=
7,4,qpN4T6rXVGp/qDBH/lx0qZM2Wck=,lJsjNFE10aeCH/+IGRS70TGzQI8=
7,3,qpN4T6rXVGp/qDBH/lx0qZM2Wck=,lJsjNFE10aeCH/+IGRS70TGzQI8=
7,2,qpN4T6rXVGp/qDBH/lx0qZM2Wck=,lJsjNFE10aeCH/+IGRS70TGzQI8=
7,18,qpN4T6rXVGp/qDBH/lx0qZM2Wck=,hzs1BHx+lKCxI7hM7Y6in2VnMPE=
7,17,qpN4T6rXVGp/qDBH/lx0qZM2Wck=,hzs1BHx+lKCxI7hM7Y6in2VnMPE=
7,1,qpN4T6rXVGp/qDBH/lx0qZM2Wck=,lJsjNFE10aeCH/+IGRS70TGzQI8=
7,16,3cUEt8jxTJ6Wz+8BgbiaEYA3Dz0=,iuQpJEjlfFaH8I253chsIi3Fc3E=
7,0,qpN4T6rXVGp/qDBH/lx0qZM2Wck=,4js1BnhhLc0vOhWAYkH187hOOoo=
7,15,3cUEt8jxTJ6Wz+8BgbiaEYA3Dz0=,u04i77RXONbGCxaWHX+UGOSNGpc=
7,14,3cUEt8jxTJ6Wz+8BgbiaEYA3Dz0=,u04i77RXONbGCxaWHX+UGOSNGpc=
7,13,3cUEt8jxTJ6Wz+8BgbiaEYA3Dz0=,u04i77RXONbGCxaWHX+UGOSNGpc=
7,12,3cUEt8jxTJ6Wz+8BgbiaEYA3Dz0=,+qeGzgl20nyN8LQ8fqpIZKxAmDs=
7,11,3cUEt8jxTJ6Wz+8BgbiaEYA3Dz0=,TdG4DCgRv/FEWH+lxlTmV6T4Z4A=
7,10,3cUEt8jxTJ6Wz+8BgbiaEYA3Dz0=,TdG4DCgRv/FEWH+lxlTmV6T4Z4A=
7,9,3cUEt8jxTJ6Wz+8BgbiaEYA3Dz0=,TdG4DCgRv/FEWH+lxlTmV6T4Z4A=
7,8,3cUEt8jxTJ6Wz+8BgbiaEYA3Dz0=,TdG4DCgRv/FEWH+lxlTmV6T4Z4A=
8,8,bxH68fHAnYRRChkMjBL1zN/IS+g=,ico0Gdzjjicx6ymTMa1lwgBOQjQ=
8,9,bxH68fHAnYRRChkMjBL1zN/IS+g=,ico0Gdzjjicx6ymTMa1lwgBOQjQ=
8,10,bxH68fHAnYRRChkMjBL1zN/IS+g=,ico0Gdzjjicx6ymTMa1lwgBOQjQ=
8,11,bxH68fHAnYRRChkMjBL1zN/IS+g=,ico0Gdzjjicx6ymTMa1lwgBOQjQ=
8,12,bxH68fHAnYRRChkMjBL1zN/IS+g=,ico0Gdzjjicx6ymTMa1lwgBOQjQ=
8,13,bxH68fHAnYRRChkMjBL1zN/IS+g=,ico0Gdzjjicx6ymTMa1lwgBOQjQ=
8,14,bxH68fHAnYRRChkMjBL1zN/IS+g=,ico0Gdzjjicx6ymTMa1lwgBOQjQ=
8,15,bxH68fHAnYRRChkMjBL1zN/IS+g=,ico0Gdzjjicx6ymTMa1lwgBOQjQ=
8,16,bxH68fHAnYRRChkMjBL1zN/IS+g=,ROSOA5WI8uCWJyGDdAEA6k7LbZY=
8,0,bxH68fHAnYRRChkMjBL1zN/IS+g=,ico0Gdzjjicx6ymTMa1lwgBOQjQ=
8,17,bxH68fHAnYRRChkMjBL1zN/IS+g=,ROSOA5WI8uCWJyGDdAEA6k7LbZY=
8,1,bxH68fHAnYRRChkMjBL1zN/IS+g=,ico0Gdzjjicx6ymTMa1lwgBOQjQ=
8,18,bxH68fHAnYRRChkMjBL1zN/IS+g=,ROSOA5WI8uCWJyGDdAEA6k7LbZY=
8,2,bxH68fHAnYRRChkMjBL1zN/IS+g=,gEf8/eQ074vC5AlvFHd5aj9OYr0=
8,3,bxH68fHAnYRRChkMjBL1zN/IS+g=,j0IQorz5CUDqWXJvT0pgZwvea9o=
8,19,bxH68fHAnYRRChkMjBL1zN/IS+g=,1/5fKBi88vDfAWXisuiwQaw6vH4=
8,4,bxH68fHAnYRRChkMjBL1zN/IS+g=,Jwilx7Ok8eK9WGHQtWSJLR4tGr8=
8,5,bxH68fHAnYRRChkMjBL1zN/IS+g=,Jwilx7Ok8eK9WGHQtWSJLR4tGr8=
8,6,3cUEt8jxTJ6Wz+8BgbiaEYA3Dz0=,McKo+JP/BqDGGa6BIwCOFuxFLCE=
8,7,bxH68fHAnYRRChkMjBL1zN/IS+g=,Jwilx7Ok8eK9WGHQtWSJLR4tGr8=
9,9,WNOiaJIXVgAkdhZHxHsq+aKC4oc=,J0XIq8H48xf0YnXsJakK3w6Q4l8=
9,8,WNOiaJIXVgAkdhZHxHsq+aKC4oc=,J0XIq8H48xf0YnXsJakK3w6Q4l8=
9,11,WNOiaJIXVgAkdhZHxHsq+aKC4oc=,J0XIq8H48xf0YnXsJakK3w6Q4l8=
9,10,WNOiaJIXVgAkdhZHxHsq+aKC4oc=,J0XIq8H48xf0YnXsJakK3w6Q4l8=
9,13,WNOiaJIXVgAkdhZHxHsq+aKC4oc=,J0XIq8H48xf0YnXsJakK3w6Q4l8=
9,12,WNOiaJIXVgAkdhZHxHsq+aKC4oc=,J0XIq8H48xf0YnXsJakK3w6Q4l8=
9,15,WNOiaJIXVgAkdhZHxHsq+aKC4oc=,J0XIq8H48xf0YnXsJakK3w6Q4l8=
9,14,WNOiaJIXVgAkdhZHxHsq+aKC4oc=,J0XIq8H48xf0YnXsJakK3w6Q4l8=
9,17,WNOiaJIXVgAkdhZHxHsq+aKC4oc=,Q3rccgkMP59b7yh44QhwJmbMJso=
9,1,WNOiaJIXVgAkdhZHxHsq+aKC4oc=,J0XIq8H48xf0YnXsJakK3w6Q4l8=
9,16,WNOiaJIXVgAkdhZHxHsq+aKC4oc=,Q3rccgkMP59b7yh44QhwJmbMJso=
9,0,WNOiaJIXVgAkdhZHxHsq+aKC4oc=,J0XIq8H48xf0YnXsJakK3w6Q4l8=
9,19,WNOiaJIXVgAkdhZHxHsq+aKC4oc=,PspBufEZ5UixoRpzjgYXpX4ZVeE=
9,3,WNOiaJIXVgAkdhZHxHsq+aKC4oc=,J0XIq8H48xf0YnXsJakK3w6Q4l8=
9,18,WNOiaJIXVgAkdhZHxHsq+aKC4oc=,6trExObGY2nopYHUJEvClQJI9yE=
9,2,WNOiaJIXVgAkdhZHxHsq+aKC4oc=,AmuK28Y10h5g/FlMgla6hr41uBU=
9,4,WNOiaJIXVgAkdhZHxHsq+aKC4oc=,IZkE8Fh+loquzwZFCZ09fyEqiTw=
9,7,WNOiaJIXVgAkdhZHxHsq+aKC4oc=,IZkE8Fh+loquzwZFCZ09fyEqiTw=
9,6,WNOiaJIXVgAkdhZHxHsq+aKC4oc=,B/MRN/lOKG/tnDykrCi64qVLLEQ=
10,10,cL/kiOkh3PUWydX54/vuUXXSfg4=,WnrLmdRV3feek8CeR/96r84misw=
10,11,cL/kiOkh3PUWydX54/vuUXXSfg4=,WnrLmdRV3feek8CeR/96r84misw=
10,8,cL/kiOkh3PUWydX54/vuUXXSfg4=,WnrLmdRV3feek8CeR/96r84misw=
10,9,cL/kiOkh3PUWydX54/vuUXXSfg4=,WnrLmdRV3feek8CeR/96r84misw=
10,14,cL/kiOkh3PUWydX54/vuUXXSfg4=,WnrLmdRV3feek8CeR/96r84misw=
10,15,cL/kiOkh3PUWydX54/vuUXXSfg4=,WnrLmdRV3feek8CeR/96r84misw=
10,12,cL/kiOkh3PUWydX54/vuUXXSfg4=,WnrLmdRV3feek8CeR/96r84misw=
10,13,cL/kiOkh3PUWydX54/vuUXXSfg4=,WnrLmdRV3feek8CeR/96r84misw=
10,2,cL/kiOkh3PUWydX54/vuUXXSfg4=,WnrLmdRV3feek8CeR/96r84misw=
10,18,cL/kiOkh3PUWydX54/vuUXXSfg4=,txQ+e7uoFJlQEdUBrZFkJbX/apU=
10,3,cL/kiOkh3PUWydX54/vuUXXSfg4=,WnrLmdRV3feek8CeR/96r84misw=
10,19,cL/kiOkh3PUWydX54/vuUXXSfg4=,txQ+e7uoFJlQEdUBrZFkJbX/apU=
10,16,cL/kiOkh3PUWydX54/vuUXXSfg4=,txQ+e7uoFJlQEdUBrZFkJbX/apU=
10,0,cL/kiOkh3PUWydX54/vuUXXSfg4=,M7WuLM8H/zoNMbvXwsoibONuiMk=
10,1,HLy/45JSEaR4ITdLhdpJesK7OVE=,WnrLmdRV3feek8CeR/96r84misw=
10,17,HLy/45JSEaR4ITdLhdpJesK7OVE=,KMTNSl8fsFM5dP43M0BfEq4n070=
10,6,HLy/45JSEaR4ITdLhdpJesK7OVE=,9QJVghZTljxjjvP7dUC5lRcBYfE=
10,7,HLy/45JSEaR4ITdLhdpJesK7OVE=,9QJVghZTljxjjvP7dUC5lRcBYfE=
10,4,cL/kiOkh3PUWydX54/vuUXXSfg4=,YZsdfnzK9/TSI6hb+uqK/cLN6j0=
10,20,HLy/45JSEaR4ITdLhdpJesK7OVE=,9QJVghZTljxjjvP7dUC5lRcBYfE=
11,11,HLy/45JSEaR4ITdLhdpJesK7OVE=,Q6ddCYul4hd7sk5iQb0gprg2yTA=
11,10,HLy/45JSEaR4ITdLhdpJesK7OVE=,SS/Y3+HiboUyoPHHFKSg/V7ptT0=
11,9,HLy/45JSEaR4ITdLhdpJesK7OVE=,SS/Y3+HiboUyoPHHFKSg/V7ptT0=
11,8,HLy/45JSEaR4ITdLhdpJesK7OVE=,SS/Y3+HiboUyoPHHFKSg/V7ptT0=
11,15,HLy/45JSEaR4ITdLhdpJesK7OVE=,SS/Y3+HiboUyoPHHFKSg/V7ptT0=
11,14,HLy/45JSEaR4ITdLhdpJesK7OVE=,SS/Y3+HiboUyoPHHFKSg/V7ptT0=
11,13,HLy/45JSEaR4ITdLhdpJesK7OVE=,SS/Y3+HiboUyoPHHFKSg/V7ptT0=
11,12,HLy/45JSEaR4ITdLhdpJesK7OVE=,ivxHMTlD0mUJtcit4rqd9aHQdm0=
11,19,HLy/45JSEaR4ITdLhdpJesK7OVE=,dyorkhjSQ64tFnPqI/rOeM3q8FA=
11,18,5+xQFOMp8HwoCN3JYepzZ7+027U=,dyorkhjSQ64tFnPqI/rOeM3q8FA=
11,17,5+xQFOMp8HwoCN3JYepzZ7+027U=,dyorkhjSQ64tFnPqI/rOeM3q8FA=
11,16,5+xQFOMp8HwoCN3JYepzZ7+027U=,dyorkhjSQ64tFnPqI/rOeM3q8FA=
11,7,5+xQFOMp8HwoCN3JYepzZ7+027U=,nyWnLg2OUwHx+89vkrKmdQyItoA=
11,6,5+xQFOMp8HwoCN3JYepzZ7+027U=,nyWnLg2OUwHx+89vkrKmdQyItoA=
11,20,5+xQFOMp8HwoCN3JYepzZ7+027U=,dyorkhjSQ64tFnPqI/rOeM3q8FA=
12,12,5+xQFOMp8HwoCN3JYepzZ7+027U=,itHclc0tBvQtXjBxZLt08EcLTq8=
12,13,5+xQFOMp8HwoCN3JYepzZ7+027U=,/YJfGbwY7FiVJg2uTr3JTEPUjys=
12,14,5+xQFOMp8HwoCN3JYepzZ7+027U=,/YJfGbwY7FiVJg2uTr3JTEPUjys=
12,15,5+xQFOMp8HwoCN3JYepzZ7+027U=,/YJfGbwY7FiVJg2uTr3JTEPUjys=
12,8,5+xQFOMp8HwoCN3JYepzZ7+027U=,/YJfGbwY7FiVJg2uTr3JTEPUjys=
12,9,5+xQFOMp8HwoCN3JYepzZ7+027U=,/YJfGbwY7FiVJg2uTr3JTEPUjys=
12,10,5+xQFOMp8HwoCN3JYepzZ7+027U=,/YJfGbwY7FiVJg2uTr3JTEPUjys=
12,11,5+xQFOMp8HwoCN3JYepzZ7+027U=,/YJfGbwY7FiVJg2uTr3JTEPUjys=
12,20,5+xQFOMp8HwoCN3JYepzZ7+027U=,9+ai8BTIiFOmq8LA+o+fP7F6kf0=
12,6,5+xQFOMp8HwoCN3JYepzZ7+027U=,/YJfGbwY7FiVJg2uTr3JTEPUjys=
12,7,U5Ugl1DJDkCIAWIDrlDhORAMtiE=,/YJfGbwY7FiVJg2uTr3JTEPUjys=
12,16,U5Ugl1DJDkCIAWIDrlDhORAMtiE=,9+ai8BTIiFOmq8LA+o+fP7F6kf0=
12,17,U5Ugl1DJDkCIAWIDrlDhORAMtiE=,9+ai8BTIiFOmq8LA+o+fP7F6kf0=
12,18,U5Ugl1DJDkCIAWIDrlDhORAMtiE=,9+ai8BTIiFOmq8LA+o+fP7F6kf0=
12,19,U5Ugl1DJDkCIAWIDrlDhORAMtiE=,9+ai8BTIiFOmq8LA+o+fP7F6kf0=
13,13,U5Ugl1DJDkCIAWIDrlDhORAMtiE=,ikfSFfc1wJ+F8gDfhNzAgvBOfeo=
13,12,Wb8cApJTtUuxFE41utWBUd8pu5o=,ikfSFfc1wJ+F8gDfhNzAgvBOfeo=
13,15,Wb8cApJTtUuxFE41utWBUd8pu5o=,ikfSFfc1wJ+F8gDfhNzAgvBOfeo=
13,14,Wb8cApJTtUuxFE41utWBUd8pu5o=,ikfSFfc1wJ+F8gDfhNzAgvBOfeo=
13,9,Wb8cApJTtUuxFE41utWBUd8pu5o=,ikfSFfc1wJ+F8gDfhNzAgvBOfeo=
13,8,Wb8cApJTtUuxFE41utWBUd8pu5o=,ikfSFfc1wJ+F8gDfhNzAgvBOfeo=
13,11,Wb8cApJTtUuxFE41utWBUd8pu5o=,ikfSFfc1wJ+F8gDfhNzAgvBOfeo=
13,10,Wb8cApJTtUuxFE41utWBUd8pu5o=,ikfSFfc1wJ+F8gDfhNzAgvBOfeo=
13,21,Wb8cApJTtUuxFE41utWBUd8pu5o=,x9baG7oKUFYVfBcIaCYXrKVHXdk=
13,20,Wb8cApJTtUuxFE41utWBUd8pu5o=,x9baG7oKUFYVfBcIaCYXrKVHXdk=
13,7,Wb8cApJTtUuxFE41utWBUd8pu5o=,3lpWwO0ygH+46hqnElE7eIpgWho=
13,6,Wb8cApJTtUuxFE41utWBUd8pu5o=,3lpWwO0ygH+46hqnElE7eIpgWho=
13,17,Wb8cApJTtUuxFE41utWBUd8pu5o=,bF6u0y8xmzXSAtaEncCR2hITArM=
13,16,Wb8cApJTtUuxFE41utWBUd8pu5o=,bF6u0y8xmzXSAtaEncCR2hITArM=
13,19,Wb8cApJTtUuxFE41utWBUd8pu5o=,bF6u0y8xmzXSAtaEncCR2hITArM=
13,18,Wb8cApJTtUuxFE41utWBUd8pu5o=,bF6u0y8xmzXSAtaEncCR2hITArM=
14,14,z5neviP8Z/RhFncgdt8YiNcVsxU=,CYDnFZSWneSy24iDPEwtaqrOik0=
14,15,z5neviP8Z/RhFncgdt8YiNcVsxU=,CYDnFZSWneSy24iDPEwtaqrOik0=
14,12,z5neviP8Z/RhFncgdt8YiNcVsxU=,CYDnFZSWneSy24iDPEwtaqrOik0=
14,13,z5neviP8Z/RhFncgdt8YiNcVsxU=,CYDnFZSWneSy24iDPEwtaqrOik0=
14,10,z5neviP8Z/RhFncgdt8YiNcVsxU=,CYDnFZSWneSy24iDPEwtaqrOik0=
14,11,z5neviP8Z/RhFncgdt8YiNcVsxU=,CYDnFZSWneSy24iDPEwtaqrOik0=
14,8,z5neviP8Z/RhFncgdt8YiNcVsxU=,CYDnFZSWneSy24iDPEwtaqrOik0=
14,9,z5neviP8Z/RhFncgdt8YiNcVsxU=,CYDnFZSWneSy24iDPEwtaqrOik0=
14,6,z5neviP8Z/RhFncgdt8YiNcVsxU=,CYDnFZSWneSy24iDPEwtaqrOik0=
14,7,z5neviP8Z/RhFncgdt8YiNcVsxU=,CYDnFZSWneSy24iDPEwtaqrOik0=
14,20,z5neviP8Z/RhFncgdt8YiNcVsxU=,WdMfTweus950pLuebN89PSFvwb8=
14,18,z5neviP8Z/RhFncgdt8YiNcVsxU=,WdMfTweus950pLuebN89PSFvwb8=
14,19,z5neviP8Z/RhFncgdt8YiNcVsxU=,WdMfTweus950pLuebN89PSFvwb8=
14,16,z5neviP8Z/RhFncgdt8YiNcVsxU=,WdMfTweus950pLuebN89PSFvwb8=
14,17,z5neviP8Z/RhFncgdt8YiNcVsxU=,WdMfTweus950pLuebN89PSFvwb8=
14,21,z5neviP8Z/RhFncgdt8YiNcVsxU=,WdMfTweus950pLuebN89PSFvwb8=
15,15,CW/Iho0wRaRj6l8ehqGDI/Pq9Ig=,m1P6sWHs3TZUn5CEReAJiRVqCWU=
15,14,CW/Iho0wRaRj6l8ehqGDI/Pq9Ig=,m1P6sWHs3TZUn5CEReAJiRVqCWU=
15,13,CW/Iho0wRaRj6l8ehqGDI/Pq9Ig=,m1P6sWHs3TZUn5CEReAJiRVqCWU=
15,12,CW/Iho0wRaRj6l8ehqGDI/Pq9Ig=,m1P6sWHs3TZUn5CEReAJiRVqCWU=
15,11,CW/Iho0wRaRj6l8ehqGDI/Pq9Ig=,m1P6sWHs3TZUn5CEReAJiRVqCWU=
15,10,CW/Iho0wRaRj6l8ehqGDI/Pq9Ig=,EHdI1MX8qq2PFaSjDNX1exRIYm8=
15,9,CW/Iho0wRaRj6l8ehqGDI/Pq9Ig=,EHdI1MX8qq2PFaSjDNX1exRIYm8=
15,8,vy/ZoTjYDfvUxds9V73XrrsIJFY=,EHdI1MX8qq2PFaSjDNX1exRIYm8=
15,7,vy/ZoTjYDfvUxds9V73XrrsIJFY=,EHdI1MX8qq2PFaSjDNX1exRIYm8=
15,6,vy/ZoTjYDfvUxds9V73XrrsIJFY=,aJQnfdrNn9urgDwOsbMVg80J3MI=
15,19,vy/ZoTjYDfvUxds9V73XrrsIJFY=,+eSTA1YlniRC1l7+ozqYIIOsYgE=
15,18,vy/ZoTjYDfvUxds9V73XrrsIJFY=,+eSTA1YlniRC1l7+ozqYIIOsYgE=
15,17,vy/ZoTjYDfvUxds9V73XrrsIJFY=,+eSTA1YlniRC1l7+ozqYIIOsYgE=
15,16,vy/ZoTjYDfvUxds9V73XrrsIJFY=,+eSTA1YlniRC1l7+ozqYIIOsYgE=
15,20,vy/ZoTjYDfvUxds9V73XrrsIJFY=,+eSTA1YlniRC1l7+ozqYIIOsYgE=
16,16,9UaPwrJmZfhNbzKFdTYPg0PKRFI=,IcxlpNlHQvDaiNngQeKT4TTFwHU=
16,17,9UaPwrJmZfhNbzKFdTYPg0PKRFI=,IcxlpNlHQvDaiNngQeKT4TTFwHU=
16,18,9UaPwrJmZfhNbzKFdTYPg0PKRFI=,IcxlpNlHQvDaiNngQeKT4TTFwHU=
16,19,9UaPwrJmZfhNbzKFdTYPg0PKRFI=,IcxlpNlHQvDaiNngQeKT4TTFwHU=
16,6,2NS3BEUOjKJm/SFC5YWfj5SLdU4=,5FIZwumlbxlNxOKQm6+XhpAyVcc=
16,7,2NS3BEUOjKJm/SFC5YWfj5SLdU4=,IcxlpNlHQvDaiNngQeKT4TTFwHU=
16,8,2NS3BEUOjKJm/SFC5YWfj5SLdU4=,IcxlpNlHQvDaiNngQeKT4TTFwHU=
16,9,2NS3BEUOjKJm/SFC5YWfj5SLdU4=,IcxlpNlHQvDaiNngQeKT4TTFwHU=
16,10,2NS3BEUOjKJm/SFC5YWfj5SLdU4=,IcxlpNlHQvDaiNngQeKT4TTFwHU=
16,11,2NS3BEUOjKJm/SFC5YWfj5SLdU4=,IcxlpNlHQvDaiNngQeKT4TTFwHU=
16,12,2NS3BEUOjKJm/SFC5YWfj5SLdU4=,IcxlpNlHQvDaiNngQeKT4TTFwHU=
16,13,2NS3BEUOjKJm/SFC5YWfj5SLdU4=,IcxlpNlHQvDaiNngQeKT4TTFwHU=
16,14,9UaPwrJmZfhNbzKFdTYPg0PKRFI=,IcxlpNlHQvDaiNngQeKT4TTFwHU=
16,15,9UaPwrJmZfhNbzKFdTYPg0PKRFI=,IcxlpNlHQvDaiNngQeKT4TTFwHU=
17,17,xaOWPp/xrXwngRY4zB5KEsZ/A1A=,LynfW8y3M791cCDyWQREulxF66s=
17,16,xaOWPp/xrXwngRY4zB5KEsZ/A1A=,LynfW8y3M791cCDyWQREulxF66s=
17,19,xaOWPp/xrXwngRY4zB5KEsZ/A1A=,LZfXm8dgM98oKMQxXmi23jV1rWM=
17,18,xaOWPp/xrXwngRY4zB5KEsZ/A1A=,iIZuJJQLinv0lir3G68sWZRbPrE=
17,7,9UaPwrJmZfhNbzKFdTYPg0PKRFI=,NbYCKBlI9KHe+oH7ayMm1/mMK/o=
17,9,9UaPwrJmZfhNbzKFdTYPg0PKRFI=,/d1sDbDAutKEjK9GLIPEpWM0xX8=
17,8,9UaPwrJmZfhNbzKFdTYPg0PKRFI=,2IeykzIcFhB1YAuJg915syt6dmU=
17,11,xaOWPp/xrXwngRY4zB5KEsZ/A1A=,2IeykzIcFhB1YAuJg915syt6dmU=
17,10,xaOWPp/xrXwngRY4zB5KEsZ/A1A=,2IeykzIcFhB1YAuJg915syt6dmU=
17,13,xaOWPp/xrXwngRY4zB5KEsZ/A1A=,2IeykzIcFhB1YAuJg915syt6dmU=
17,12,xaOWPp/xrXwngRY4zB5KEsZ/A1A=,2IeykzIcFhB1YAuJg915syt6dmU=
17,15,xaOWPp/xrXwngRY4zB5KEsZ/A1A=,2IeykzIcFhB1YAuJg915syt6dmU=
17,14,xaOWPp/xrXwngRY4zB5KEsZ/A1A=,2IeykzIcFhB1YAuJg915syt6dmU=
18,18,qJNa9shcMn1xKXOrXZdym+yQlgc=,F6sy8Qzdd+yxzbi2A36zoZzWQbc=
18,16,qJNa9shcMn1xKXOrXZdym+yQlgc=,F6sy8Qzdd+yxzbi2A36zoZzWQbc=
18,17,qJNa9shcMn1xKXOrXZdym+yQlgc=,F6sy8Qzdd+yxzbi2A36zoZzWQbc=
18,7,xaOWPp/xrXwngRY4zB5KEsZ/A1A=,ItbZ3xryoChrDb/r1hmcRAaUG28=
18,10,qJNa9shcMn1xKXOrXZdym+yQlgc=,ItbZ3xryoChrDb/r1hmcRAaUG28=
18,11,qJNa9shcMn1xKXOrXZdym+yQlgc=,ItbZ3xryoChrDb/r1hmcRAaUG28=
18,8,qJNa9shcMn1xKXOrXZdym+yQlgc=,ItbZ3xryoChrDb/r1hmcRAaUG28=
18,9,qJNa9shcMn1xKXOrXZdym+yQlgc=,Jwcn9uy4SzIIwlh1rKxiSxhyJFA=
18,14,qJNa9shcMn1xKXOrXZdym+yQlgc=,Jwcn9uy4SzIIwlh1rKxiSxhyJFA=
18,15,qJNa9shcMn1xKXOrXZdym+yQlgc=,Jwcn9uy4SzIIwlh1rKxiSxhyJFA=
18,12,qJNa9shcMn1xKXOrXZdym+yQlgc=,Jwcn9uy4SzIIwlh1rKxiSxhyJFA=
18,13,qJNa9shcMn1xKXOrXZdym+yQlgc=,Jwcn9uy4SzIIwlh1rKxiSxhyJFA=
19,17,HQ2pPNamAesKbi6EjWhHWlsPk2U=,Fo/5DU2M42Q/b9DTJU4VEjCPuik=
19,16,HQ2pPNamAesKbi6EjWhHWlsPk2U=,Fo/5DU2M42Q/b9DTJU4VEjCPuik=
19,11,HQ2pPNamAesKbi6EjWhHWlsPk2U=,ngW9USRxPj2qqDH4WM7RqE2KZok=
19,10,HQ2pPNamAesKbi6EjWhHWlsPk2U=,ngW9USRxPj2qqDH4WM7RqE2KZok=
19,9,HQ2pPNamAesKbi6EjWhHWlsPk2U=,ngW9USRxPj2qqDH4WM7RqE2KZok=
19,8,HQ2pPNamAesKbi6EjWhHWlsPk2U=,ngW9USRxPj2qqDH4WM7RqE2KZok=
19,15,HQ2pPNamAesKbi6EjWhHWlsPk2U=,ngW9USRxPj2qqDH4WM7RqE2KZok=
19,14,HQ2pPNamAesKbi6EjWhHWlsPk2U=,ngW9USRxPj2qqDH4WM7RqE2KZok=
19,13,HQ2pPNamAesKbi6EjWhHWlsPk2U=,ngW9USRxPj2qqDH4WM7RqE2KZok=
19,12,HQ2pPNamAesKbi6EjWhHWlsPk2U=,ngW9USRxPj2qqDH4WM7RqE2KZok=
20,16,L/mYzYXq5oAzR0BDnuEwUrc42RQ=,UUeSGS8IX+NMywtYK3LftTw4+Ts=
20,17,L/mYzYXq5oAzR0BDnuEwUrc42RQ=,6yu2a8GnbkGK8+WPqQRAc7iVJjM=
20,12,oLWsGi6UbEtC8sHGj3WhYg7eFSI=,6yu2a8GnbkGK8+WPqQRAc7iVJjM=
20,13,oLWsGi6UbEtC8sHGj3WhYg7eFSI=,6yu2a8GnbkGK8+WPqQRAc7iVJjM=
20,14,oLWsGi6UbEtC8sHGj3WhYg7eFSI=,6yu2a8GnbkGK8+WPqQRAc7iVJjM=
20,15,oLWsGi6UbEtC8sHGj3WhYg7eFSI=,6yu2a8GnbkGK8+WPqQRAc7iVJjM=
20,10,L/mYzYXq5oAzR0BDnuEwUrc42RQ=,+HC7FQgSjCggkIBYYdtME7FXE3w=
20,11,L/mYzYXq5oAzR0BDnuEwUrc42RQ=,+HC7FQgSjCggkIBYYdtME7FXE3w=
7,7,qpN4T6rXVGp/qDBH/lx0qZM2Wck=,lJsjNFE10aeCH/+IGRS70TGzQI8=
7,22,qpN4T6rXVGp/qDBH/lx0qZM2Wck=,NTXgkwzkcHtPbhw+IZZN66+FrkA=
7,21,qpN4T6rXVGp/qDBH/lx0qZM2Wck=,hzs1BHx+lKCxI7hM7Y6in2VnMPE=
7,20,qpN4T6rXVGp/qDBH/lx0qZM2Wck=,hzs1BHx+lKCxI7hM7Y6in2VnMPE=
7,19,qpN4T6rXVGp/qDBH/lx0qZM2Wck=,hzs1BHx+lKCxI7hM7Y6in2VnMPE=
8,20,bxH68fHAnYRRChkMjBL1zN/IS+g=,dsuuZFVX2k/4OL25PCgu98bhhxc=
8,21,bxH68fHAnYRRChkMjBL1zN/IS+g=,dsuuZFVX2k/4OL25PCgu98bhhxc=
8,22,bxH68fHAnYRRChkMjBL1zN/IS+g=,fmDp6bhSUJUKHiM3nUeUici16Ck=
9,21,WNOiaJIXVgAkdhZHxHsq+aKC4oc=,hSeQAPxoCr1kKoxrejLtbxALmzw=
9,20,WNOiaJIXVgAkdhZHxHsq+aKC4oc=,hSeQAPxoCr1kKoxrejLtbxALmzw=
9,22,WNOiaJIXVgAkdhZHxHsq+aKC4oc=,HgK+OV6lFujpfMSrKao/nn1aCRw=
10,22,HLy/45JSEaR4ITdLhdpJesK7OVE=,QpuR0EbAq3+iqRZ+dE+2X3ohbfI=
10,21,HLy/45JSEaR4ITdLhdpJesK7OVE=,9QJVghZTljxjjvP7dUC5lRcBYfE=
11,22,5+xQFOMp8HwoCN3JYepzZ7+027U=,a56RH9TUpQBNhOscdXMKaDpndfs=
11,21,5+xQFOMp8HwoCN3JYepzZ7+027U=,dyorkhjSQ64tFnPqI/rOeM3q8FA=
12,21,5+xQFOMp8HwoCN3JYepzZ7+027U=,9+ai8BTIiFOmq8LA+o+fP7F6kf0=
12,22,5+xQFOMp8HwoCN3JYepzZ7+027U=,WacsY3UbwaIi94GDhIDGOVTQLDc=
13,22,Wb8cApJTtUuxFE41utWBUd8pu5o=,mzAq+bqvGT/nAx9Yloxlcva7o0E=
14,22,z5neviP8Z/RhFncgdt8YiNcVsxU=,LjcpHYgxq4grvrZzkMr6kE+dQCo=
15,22,vy/ZoTjYDfvUxds9V73XrrsIJFY=,/flGPym3Qx9zM5yONEa/j9i1HvY=
15,21,vy/ZoTjYDfvUxds9V73XrrsIJFY=,+eSTA1YlniRC1l7+ozqYIIOsYgE=
16,20,9UaPwrJmZfhNbzKFdTYPg0PKRFI=,IcxlpNlHQvDaiNngQeKT4TTFwHU=
16,21,9UaPwrJmZfhNbzKFdTYPg0PKRFI=,IcxlpNlHQvDaiNngQeKT4TTFwHU=
16,22,9UaPwrJmZfhNbzKFdTYPg0PKRFI=,5FIZwumlbxlNxOKQm6+XhpAyVcc=
17,21,xaOWPp/xrXwngRY4zB5KEsZ/A1A=,iIZuJJQLinv0lir3G68sWZRbPrE=
17,20,xaOWPp/xrXwngRY4zB5KEsZ/A1A=,iIZuJJQLinv0lir3G68sWZRbPrE=
17,22,xaOWPp/xrXwngRY4zB5KEsZ/A1A=,UiGNbqbUPy/nZxUGlf++pMdmElk=
18,19,qJNa9shcMn1xKXOrXZdym+yQlgc=,F6sy8Qzdd+yxzbi2A36zoZzWQbc=
18,22,qJNa9shcMn1xKXOrXZdym+yQlgc=,D0QRsxIyTtRkFwArSRCjZqB/tdU=
18,20,qJNa9shcMn1xKXOrXZdym+yQlgc=,F6sy8Qzdd+yxzbi2A36zoZzWQbc=
18,21,qJNa9shcMn1xKXOrXZdym+yQlgc=,F6sy8Qzdd+yxzbi2A36zoZzWQbc=
19,19,HQ2pPNamAesKbi6EjWhHWlsPk2U=,Fo/5DU2M42Q/b9DTJU4VEjCPuik=
19,18,HQ2pPNamAesKbi6EjWhHWlsPk2U=,Fo/5DU2M42Q/b9DTJU4VEjCPuik=
19,22,HQ2pPNamAesKbi6EjWhHWlsPk2U=,F5EdTbYSHveD+HGD1SopSCw94Jk=
19,21,oLWsGi6UbEtC8sHGj3WhYg7eFSI=,Fo/5DU2M42Q/b9DTJU4VEjCPuik=
19,20,oLWsGi6UbEtC8sHGj3WhYg7eFSI=,Fo/5DU2M42Q/b9DTJU4VEjCPuik=
19,7,HQ2pPNamAesKbi6EjWhHWlsPk2U=,+P9WvKpAjOeKDbKks/dOGRbASjU=
20,20,L/mYzYXq5oAzR0BDnuEwUrc42RQ=,EGhyHAqbRKf36syN0kzW8kQTnHk=
20,21,L/mYzYXq5oAzR0BDnuEwUrc42RQ=,EGhyHAqbRKf36syN0kzW8kQTnHk=
20,22,L/mYzYXq5oAzR0BDnuEwUrc42RQ=,LNFWhtsB595ihIzkhk9bSuk7BU4=
20,18,L/mYzYXq5oAzR0BDnuEwUrc42RQ=,lOaSUQAEGOoSUovpeE17bWZY0q8=
20,19,L/mYzYXq5oAzR0BDnuEwUrc42RQ=,74nmtMJWUmuG+yM3F9QHgj+J0o8=
20,7,oLWsGi6UbEtC8sHGj3WhYg7eFSI=,6yu2a8GnbkGK8+WPqQRAc7iVJjM=
20,8,oLWsGi6UbEtC8sHGj3WhYg7eFSI=,6yu2a8GnbkGK8+WPqQRAc7iVJjM=
20,9,oLWsGi6UbEtC8sHGj3WhYg7eFSI=,DeTbbmqfz90vBehk0HCDg/+Yd1k=
21,21,178BaNL9ecjLrZQ8pKOeofSAZT4=,vXuH5tp1F182oNfmJe4w9/1qFRo=
21,20,178BaNL9ecjLrZQ8pKOeofSAZT4=,vXuH5tp1F182oNfmJe4w9/1qFRo=
21,22,178BaNL9ecjLrZQ8pKOeofSAZT4=,ZJMib+MBYb5/ia4sEi1Sqjk5CLI=
21,17,178BaNL9ecjLrZQ8pKOeofSAZT4=,vXuH5tp1F182oNfmJe4w9/1qFRo=
21,16,178BaNL9ecjLrZQ8pKOeofSAZT4=,vXuH5tp1F182oNfmJe4w9/1qFRo=
21,19,178BaNL9ecjLrZQ8pKOeofSAZT4=,vXuH5tp1F182oNfmJe4w9/1qFRo=
21,18,178BaNL9ecjLrZQ8pKOeofSAZT4=,vXuH5tp1F182oNfmJe4w9/1qFRo=
21,7,L/mYzYXq5oAzR0BDnuEwUrc42RQ=,DQ9qawRw2XT9aPjIVduavEnQl9U=
21,13,178BaNL9ecjLrZQ8pKOeofSAZT4=,uUdluxEg5Qqgi0GRGM2pVQGeH0k=
21,12,178BaNL9ecjLrZQ8pKOeofSAZT4=,uUdluxEg5Qqgi0GRGM2pVQGeH0k=
21,15,178BaNL9ecjLrZQ8pKOeofSAZT4=,uUdluxEg5Qqgi0GRGM2pVQGeH0k=
21,14,178BaNL9ecjLrZQ8pKOeofSAZT4=,uUdluxEg5Qqgi0GRGM2pVQGeH0k=
21,9,178BaNL9ecjLrZQ8pKOeofSAZT4=,uUdluxEg5Qqgi0GRGM2pVQGeH0k=
21,8,178BaNL9ecjLrZQ8pKOeofSAZT4=,psW6Qawh5BrSG6rE1IpqT7cDxIE=
21,11,178BaNL9ecjLrZQ8pKOeofSAZT4=,+xGRxHXX5ME9ZjcjVWRQ8uhQozs=
21,10,178BaNL9ecjLrZQ8pKOeofSAZT4=,+xGRxHXX5ME9ZjcjVWRQ8uhQozs=
22,22,L/mYzYXq5oAzR0BDnuEwUrc42RQ=,ZPOSsgALDc2PdGDnh+l7OkrVvdU=
22,20,L/mYzYXq5oAzR0BDnuEwUrc42RQ=,WSqTngzH/R8QT/nZ77YjyQfYq6s=
22,21,L/mYzYXq5oAzR0BDnuEwUrc42RQ=,WSqTngzH/R8QT/nZ77YjyQfYq6s=
22,18,L/mYzYXq5oAzR0BDnuEwUrc42RQ=,WSqTngzH/R8QT/nZ77YjyQfYq6s=
22,19,L/mYzYXq5oAzR0BDnuEwUrc42RQ=,WSqTngzH/R8QT/nZ77YjyQfYq6s=
22,16,L/mYzYXq5oAzR0BDnuEwUrc42RQ=,WSqTngzH/R8QT/nZ77YjyQfYq6s=
22,17,178BaNL9ecjLrZQ8pKOeofSAZT4=,WSqTngzH/R8QT/nZ77YjyQfYq6s=
22,7,178BaNL9ecjLrZQ8pKOeofSAZT4=,u0nW+sHWZRMTCv0PGc7M/Ekf5ps=
22,14,178BaNL9ecjLrZQ8pKOeofSAZT4=,u0nW+sHWZRMTCv0PGc7M/Ekf5ps=
22,15,178BaNL9ecjLrZQ8pKOeofSAZT4=,u0nW+sHWZRMTCv0PGc7M/Ekf5ps=
22,12,178BaNL9ecjLrZQ8pKOeofSAZT4=,u0nW+sHWZRMTCv0PGc7M/Ekf5ps=
22,13,178BaNL9ecjLrZQ8pKOeofSAZT4=,u0nW+sHWZRMTCv0PGc7M/Ekf5ps=
22,10,178BaNL9ecjLrZQ8pKOeofSAZT4=,u0nW+sHWZRMTCv0PGc7M/Ekf5ps=
22,11,178BaNL9ecjLrZQ8pKOeofSAZT4=,u0nW+sHWZRMTCv0PGc7M/Ekf5ps=
22,8,178BaNL9ecjLrZQ8pKOeofSAZT4=,u0nW+sHWZRMTCv0PGc7M/Ekf5ps=
22,9,178BaNL9ecjLrZQ8pKOeofSAZT4=,u0nW+sHWZRMTCv0PGc7M/Ekf5ps=
