-18,7,py5KwXqEvYmclogdrOXzlB6GlKY=,Zz1ePm1LPqRAGwgZKigqNtztdLM=
-19,8,py5KwXqEvYmclogdrOXzlB6GlKY=,RBxzHqagUbJEfe/4zwsLLJi4Tno=
-18,8,py5KwXqEvYmclogdrOXzlB6GlKY=,M3JA7ma4rKNqNx7Ha1JGp46msYo=
-19,7,py5KwXqEvYmclogdrOXzlB6GlKY=,Fz8uif5ZDrs657iyXh67X5hpCxA=
-18,5,5y0YGA5SKZZ9ohkNIkHy10vmh+Y=,0D0kM9ettgPpLWJAF89bk7uPWh4=
-18,6,5y0YGA5SKZZ9ohkNIkHy10vmh+Y=,Zz1ePm1LPqRAGwgZKigqNtztdLM=
-19,5,iPum13/qtx0KtYmTkaomhfxZpK0=,vQ8uyM98Y0Id347wg0h1GdyYNQk=
-19,6,5y0YGA5SKZZ9ohkNIkHy10vmh+Y=,Fz8uif5ZDrs657iyXh67X5hpCxA=
-19,4,4BYa34U8CjpBOVTDCvNOTrqqS/4=,vQ8uyM98Y0Id347wg0h1GdyYNQk=
-18,4,4BYa34U8CjpBOVTDCvNOTrqqS/4=,0D0kM9ettgPpLWJAF89bk7uPWh4=
-19,3,4BYa34U8CjpBOVTDCvNOTrqqS/4=,ofpAkQwz8KjolaN+r5Wb+iQ3mg4=
-18,3,D1WGpdDuO5RuHAVDmsSyRHWwOTc=,rDhZLzitUndIl1oIZ0bZ1Qf/9PE=
-21,2,D1WGpdDuO5RuHAVDmsSyRHWwOTc=,goCMpX+Gdl3SpUwkgqGaFoHOD58=
-20,6,D1WGpdDuO5RuHAVDmsSyRHWwOTc=,Fz8uif5ZDrs657iyXh67X5hpCxA=
-21,5,D1WGpdDuO5RuHAVDmsSyRHWwOTc=,wMaOyxUBJiLakfjP1+RrRY8z76U=
-20,5,D1WGpdDuO5RuHAVDmsSyRHWwOTc=,vQ8uyM98Y0Id347wg0h1GdyYNQk=
-21,1,D1WGpdDuO5RuHAVDmsSyRHWwOTc=,xnLarD9FW5j9Ed1QBksUaGkh9Ts=
-20,3,D1WGpdDuO5RuHAVDmsSyRHWwOTc=,ofpAkQwz8KjolaN+r5Wb+iQ3mg4=
-21,6,D1WGpdDuO5RuHAVDmsSyRHWwOTc=,0uFPnqQnk+zzbCHVaZDZc1AdcU4=
-21,4,D1WGpdDuO5RuHAVDmsSyRHWwOTc=,wMaOyxUBJiLakfjP1+RrRY8z76U=
-21,3,D1WGpdDuO5RuHAVDmsSyRHWwOTc=,goCMpX+Gdl3SpUwkgqGaFoHOD58=
-20,1,D1WGpdDuO5RuHAVDmsSyRHWwOTc=,VFS2zwVYjuDkCxTA0EiDkDGWSqQ=
-18,1,GSgiiW34YYdxpWTWhhmeVuMtbjI=,15sanYV9ZXBBgVnfm9wMZo0lIiM=
-18,2,D1WGpdDuO5RuHAVDmsSyRHWwOTc=,rDhZLzitUndIl1oIZ0bZ1Qf/9PE=
-20,4,D1WGpdDuO5RuHAVDmsSyRHWwOTc=,vQ8uyM98Y0Id347wg0h1GdyYNQk=
-20,2,D1WGpdDuO5RuHAVDmsSyRHWwOTc=,ofpAkQwz8KjolaN+r5Wb+iQ3mg4=
-19,2,GSgiiW34YYdxpWTWhhmeVuMtbjI=,ofpAkQwz8KjolaN+r5Wb+iQ3mg4=
-19,1,GSgiiW34YYdxpWTWhhmeVuMtbjI=,VFS2zwVYjuDkCxTA0EiDkDGWSqQ=
-18,0,GSgiiW34YYdxpWTWhhmeVuMtbjI=,15sanYV9ZXBBgVnfm9wMZo0lIiM=
-17,1,SRh0aJM8UEyhyiXLhdwBAg+u0A0=,15sanYV9ZXBBgVnfm9wMZo0lIiM=
-17,2,SRh0aJM8UEyhyiXLhdwBAg+u0A0=,rDhZLzitUndIl1oIZ0bZ1Qf/9PE=
-19,0,GSgiiW34YYdxpWTWhhmeVuMtbjI=,VFS2zwVYjuDkCxTA0EiDkDGWSqQ=
-17,4,MMlEswutCHxz/b4ii3ApErP9bhc=,0D0kM9ettgPpLWJAF89bk7uPWh4=
-17,3,MMlEswutCHxz/b4ii3ApErP9bhc=,rDhZLzitUndIl1oIZ0bZ1Qf/9PE=
-17,5,MMlEswutCHxz/b4ii3ApErP9bhc=,0D0kM9ettgPpLWJAF89bk7uPWh4=
-17,6,MMlEswutCHxz/b4ii3ApErP9bhc=,Zz1ePm1LPqRAGwgZKigqNtztdLM=
-17,7,MMlEswutCHxz/b4ii3ApErP9bhc=,Zz1ePm1LPqRAGwgZKigqNtztdLM=
-17,8,MMlEswutCHxz/b4ii3ApErP9bhc=,M3JA7ma4rKNqNx7Ha1JGp46msYo=
-19,13,MMlEswutCHxz/b4ii3ApErP9bhc=,YZaK4sFO4HzM9AytTChmd9/xOvQ=
-18,14,MMlEswutCHxz/b4ii3ApErP9bhc=,YX+lBvm4YZvcgQtfOFE557EyosQ=
-18,13,MMlEswutCHxz/b4ii3ApErP9bhc=,sRdKkyu/rDPzMroKpCNCatqrS/4=
-20,10,MMlEswutCHxz/b4ii3ApErP9bhc=,7p7cwPZoK3t5VRX8aRG2cVk2R3A=
-21,8,4BYa34U8CjpBOVTDCvNOTrqqS/4=,SYTO2Jaa9zw6mIBQdAW9XU4f4RI=
-21,7,4BYa34U8CjpBOVTDCvNOTrqqS/4=,0uFPnqQnk+zzbCHVaZDZc1AdcU4=
-21,9,MMlEswutCHxz/b4ii3ApErP9bhc=,SYTO2Jaa9zw6mIBQdAW9XU4f4RI=
-20,8,4BYa34U8CjpBOVTDCvNOTrqqS/4=,RBxzHqagUbJEfe/4zwsLLJi4Tno=
-20,9,MMlEswutCHxz/b4ii3ApErP9bhc=,RBxzHqagUbJEfe/4zwsLLJi4Tno=
-20,7,4BYa34U8CjpBOVTDCvNOTrqqS/4=,Fz8uif5ZDrs657iyXh67X5hpCxA=
-22,8,MMlEswutCHxz/b4ii3ApErP9bhc=,SYTO2Jaa9zw6mIBQdAW9XU4f4RI=
-22,7,MMlEswutCHxz/b4ii3ApErP9bhc=,0uFPnqQnk+zzbCHVaZDZc1AdcU4=
-22,6,MMlEswutCHxz/b4ii3ApErP9bhc=,0uFPnqQnk+zzbCHVaZDZc1AdcU4=
-22,5,MMlEswutCHxz/b4ii3ApErP9bhc=,wMaOyxUBJiLakfjP1+RrRY8z76U=
-22,2,MMlEswutCHxz/b4ii3ApErP9bhc=,goCMpX+Gdl3SpUwkgqGaFoHOD58=
-22,3,D1WGpdDuO5RuHAVDmsSyRHWwOTc=,goCMpX+Gdl3SpUwkgqGaFoHOD58=
-22,1,MMlEswutCHxz/b4ii3ApErP9bhc=,xnLarD9FW5j9Ed1QBksUaGkh9Ts=
-22,4,D1WGpdDuO5RuHAVDmsSyRHWwOTc=,wMaOyxUBJiLakfjP1+RrRY8z76U=
-19,10,1FITljVWE0vMQhXh/rzjXvCUqtE=,7p7cwPZoK3t5VRX8aRG2cVk2R3A=
-19,11,1FITljVWE0vMQhXh/rzjXvCUqtE=,7p7cwPZoK3t5VRX8aRG2cVk2R3A=
-19,12,1FITljVWE0vMQhXh/rzjXvCUqtE=,YZaK4sFO4HzM9AytTChmd9/xOvQ=
-18,12,1FITljVWE0vMQhXh/rzjXvCUqtE=,sRdKkyu/rDPzMroKpCNCatqrS/4=
-17,15,MMlEswutCHxz/b4ii3ApErP9bhc=,YX+lBvm4YZvcgQtfOFE557EyosQ=
-18,15,MMlEswutCHxz/b4ii3ApErP9bhc=,YX+lBvm4YZvcgQtfOFE557EyosQ=
-20,11,MMlEswutCHxz/b4ii3ApErP9bhc=,7p7cwPZoK3t5VRX8aRG2cVk2R3A=
-20,12,MMlEswutCHxz/b4ii3ApErP9bhc=,YZaK4sFO4HzM9AytTChmd9/xOvQ=
-18,11,1FITljVWE0vMQhXh/rzjXvCUqtE=,PRDWAMIftm/ZOWkyT4YfXrSQcMg=
-19,9,1FITljVWE0vMQhXh/rzjXvCUqtE=,RBxzHqagUbJEfe/4zwsLLJi4Tno=
-17,9,MMlEswutCHxz/b4ii3ApErP9bhc=,M3JA7ma4rKNqNx7Ha1JGp46msYo=
-22,0,MMlEswutCHxz/b4ii3ApErP9bhc=,xnLarD9FW5j9Ed1QBksUaGkh9Ts=
-17,12,MMlEswutCHxz/b4ii3ApErP9bhc=,sRdKkyu/rDPzMroKpCNCatqrS/4=
-17,14,MMlEswutCHxz/b4ii3ApErP9bhc=,YX+lBvm4YZvcgQtfOFE557EyosQ=
-17,13,MMlEswutCHxz/b4ii3ApErP9bhc=,sRdKkyu/rDPzMroKpCNCatqrS/4=
-20,0,GSgiiW34YYdxpWTWhhmeVuMtbjI=,VFS2zwVYjuDkCxTA0EiDkDGWSqQ=
-18,10,1FITljVWE0vMQhXh/rzjXvCUqtE=,PRDWAMIftm/ZOWkyT4YfXrSQcMg=
-18,9,1FITljVWE0vMQhXh/rzjXvCUqtE=,M3JA7ma4rKNqNx7Ha1JGp46msYo=
-17,10,MMlEswutCHxz/b4ii3ApErP9bhc=,PRDWAMIftm/ZOWkyT4YfXrSQcMg=
-17,0,Y5bZAUijcvBhfW54sj4FA+H35KA=,15sanYV9ZXBBgVnfm9wMZo0lIiM=
-17,11,MMlEswutCHxz/b4ii3ApErP9bhc=,PRDWAMIftm/ZOWkyT4YfXrSQcMg=
-21,0,GSgiiW34YYdxpWTWhhmeVuMtbjI=,xnLarD9FW5j9Ed1QBksUaGkh9Ts=
-3,17,HGFZb42OuQcNJm9WVPgJIuoyYNA=,Q37zsZzgdjKo559TaEV8wkt1ZeI=
-2,17,HGFZb42OuQcNJm9WVPgJIuoyYNA=,LyoJJGdtItWhePRgqMs02dcozwM=
-2,19,bd7ulKLe4YT3FUpU41xAQtU6X1k=,P8bKlCxxZS+UFRNQGiC1SaUOto4=
-3,20,bd7ulKLe4YT3FUpU41xAQtU6X1k=,BLHfhf6hjtMKmDkQcKXrlaLENes=
-2,20,bd7ulKLe4YT3FUpU41xAQtU6X1k=,fG2hE7L9WgdjnPPK28roYQHBJVA=
-2,18,HGFZb42OuQcNJm9WVPgJIuoyYNA=,P8bKlCxxZS+UFRNQGiC1SaUOto4=
-3,18,HGFZb42OuQcNJm9WVPgJIuoyYNA=,DORONIkrHUfo2eI7VGL2SadeksE=
-3,19,bd7ulKLe4YT3FUpU41xAQtU6X1k=,DORONIkrHUfo2eI7VGL2SadeksE=
-4,20,LhzfaLS6KwLLNrp1JEcSTK1fwP4=,BLHfhf6hjtMKmDkQcKXrlaLENes=
-5,20,LhzfaLS6KwLLNrp1JEcSTK1fwP4=,rVThnI2JqcaBYoKIDTqhV7MOb8k=
-4,19,LhzfaLS6KwLLNrp1JEcSTK1fwP4=,DORONIkrHUfo2eI7VGL2SadeksE=
-5,19,LhzfaLS6KwLLNrp1JEcSTK1fwP4=,KTUQxB/J0tfb3ruyoxG2AgmOu+c=
-6,20,E6vFZaQIfgyhJFriEFFThP7rY7Y=,rVThnI2JqcaBYoKIDTqhV7MOb8k=
-7,20,E6vFZaQIfgyhJFriEFFThP7rY7Y=,dti/5TFV1eyprEOT9yvMqZvTVzY=
-4,18,LhzfaLS6KwLLNrp1JEcSTK1fwP4=,DORONIkrHUfo2eI7VGL2SadeksE=
-4,17,E6vFZaQIfgyhJFriEFFThP7rY7Y=,Q37zsZzgdjKo559TaEV8wkt1ZeI=
-5,18,LhzfaLS6KwLLNrp1JEcSTK1fwP4=,KTUQxB/J0tfb3ruyoxG2AgmOu+c=
-6,17,TboX6ESd3yHEnWGvcS+eZplpjcY=,t3bmjYgnyJT7M/foyMYorKkLmEU=
-6,18,TboX6ESd3yHEnWGvcS+eZplpjcY=,KTUQxB/J0tfb3ruyoxG2AgmOu+c=
-5,17,E6vFZaQIfgyhJFriEFFThP7rY7Y=,t3bmjYgnyJT7M/foyMYorKkLmEU=
-6,19,E6vFZaQIfgyhJFriEFFThP7rY7Y=,KTUQxB/J0tfb3ruyoxG2AgmOu+c=
-7,19,E6vFZaQIfgyhJFriEFFThP7rY7Y=,+hgOvoLyP4VzgCQYgRpQUpPZ3lk=
-7,17,TboX6ESd3yHEnWGvcS+eZplpjcY=,wFbwl8vGGh9ALyQ0h7S7WJsMYpk=
-9,20,bd7ulKLe4YT3FUpU41xAQtU6X1k=,oVWqHL3vXCNGhXJMXWXx4gLR+eQ=
-8,20,bd7ulKLe4YT3FUpU41xAQtU6X1k=,dti/5TFV1eyprEOT9yvMqZvTVzY=
-9,19,bd7ulKLe4YT3FUpU41xAQtU6X1k=,sk4TIXMILiM1Upmt+/yRTQ4XdD8=
-7,18,TboX6ESd3yHEnWGvcS+eZplpjcY=,+hgOvoLyP4VzgCQYgRpQUpPZ3lk=
-8,19,bd7ulKLe4YT3FUpU41xAQtU6X1k=,+hgOvoLyP4VzgCQYgRpQUpPZ3lk=
-13,18,WyO7SF4OmQGqbUXwBHQsKD/ASBs=,qsficcpi/hyWu5Tzk+cQhaVE9dQ=
-12,17,WyO7SF4OmQGqbUXwBHQsKD/ASBs=,3jeqfucRFn3zKFS9f3LWm4SLC68=
-12,18,WyO7SF4OmQGqbUXwBHQsKD/ASBs=,hv9ej2M/lpUSwF+2wjKcavu4yjM=
-13,17,WyO7SF4OmQGqbUXwBHQsKD/ASBs=,fkesUyeokedaBZ5xYVwS0Tgyk6Y=
-13,16,8k6vfpZ4BCzPl9q8wOPiYezsHLg=,fkesUyeokedaBZ5xYVwS0Tgyk6Y=
-11,18,WyO7SF4OmQGqbUXwBHQsKD/ASBs=,hv9ej2M/lpUSwF+2wjKcavu4yjM=
-8,18,WyO7SF4OmQGqbUXwBHQsKD/ASBs=,+hgOvoLyP4VzgCQYgRpQUpPZ3lk=
-12,16,8k6vfpZ4BCzPl9q8wOPiYezsHLg=,3jeqfucRFn3zKFS9f3LWm4SLC68=
-8,17,WyO7SF4OmQGqbUXwBHQsKD/ASBs=,wFbwl8vGGh9ALyQ0h7S7WJsMYpk=
-10,16,8k6vfpZ4BCzPl9q8wOPiYezsHLg=,rzPgNmocxhMQMvQ/XCXb7yv5yUA=
-10,18,WyO7SF4OmQGqbUXwBHQsKD/ASBs=,sk4TIXMILiM1Upmt+/yRTQ4XdD8=
-11,16,8k6vfpZ4BCzPl9q8wOPiYezsHLg=,3jeqfucRFn3zKFS9f3LWm4SLC68=
-9,18,WyO7SF4OmQGqbUXwBHQsKD/ASBs=,sk4TIXMILiM1Upmt+/yRTQ4XdD8=
-10,17,WyO7SF4OmQGqbUXwBHQsKD/ASBs=,rzPgNmocxhMQMvQ/XCXb7yv5yUA=
-9,17,WyO7SF4OmQGqbUXwBHQsKD/ASBs=,rzPgNmocxhMQMvQ/XCXb7yv5yUA=
-11,17,WyO7SF4OmQGqbUXwBHQsKD/ASBs=,3jeqfucRFn3zKFS9f3LWm4SLC68=
-8,16,bd7ulKLe4YT3FUpU41xAQtU6X1k=,wFbwl8vGGh9ALyQ0h7S7WJsMYpk=
-7,16,bd7ulKLe4YT3FUpU41xAQtU6X1k=,wFbwl8vGGh9ALyQ0h7S7WJsMYpk=
-5,16,8k6vfpZ4BCzPl9q8wOPiYezsHLg=,t3bmjYgnyJT7M/foyMYorKkLmEU=
-9,16,8k6vfpZ4BCzPl9q8wOPiYezsHLg=,rzPgNmocxhMQMvQ/XCXb7yv5yUA=
-6,16,8k6vfpZ4BCzPl9q8wOPiYezsHLg=,t3bmjYgnyJT7M/foyMYorKkLmEU=
-4,16,bd7ulKLe4YT3FUpU41xAQtU6X1k=,Q37zsZzgdjKo559TaEV8wkt1ZeI=
-2,16,bd7ulKLe4YT3FUpU41xAQtU6X1k=,LyoJJGdtItWhePRgqMs02dcozwM=
-1,21,bd7ulKLe4YT3FUpU41xAQtU6X1k=,fG2hE7L9WgdjnPPK28roYQHBJVA=
-10,20,bd7ulKLe4YT3FUpU41xAQtU6X1k=,oVWqHL3vXCNGhXJMXWXx4gLR+eQ=
-10,19,bd7ulKLe4YT3FUpU41xAQtU6X1k=,sk4TIXMILiM1Upmt+/yRTQ4XdD8=
-11,19,bd7ulKLe4YT3FUpU41xAQtU6X1k=,hv9ej2M/lpUSwF+2wjKcavu4yjM=
-13,19,bd7ulKLe4YT3FUpU41xAQtU6X1k=,qsficcpi/hyWu5Tzk+cQhaVE9dQ=
-12,19,bd7ulKLe4YT3FUpU41xAQtU6X1k=,hv9ej2M/lpUSwF+2wjKcavu4yjM=
-8,21,bd7ulKLe4YT3FUpU41xAQtU6X1k=,dti/5TFV1eyprEOT9yvMqZvTVzY=
-9,21,bd7ulKLe4YT3FUpU41xAQtU6X1k=,oVWqHL3vXCNGhXJMXWXx4gLR+eQ=
-6,21,bd7ulKLe4YT3FUpU41xAQtU6X1k=,rVThnI2JqcaBYoKIDTqhV7MOb8k=
-7,21,bd7ulKLe4YT3FUpU41xAQtU6X1k=,dti/5TFV1eyprEOT9yvMqZvTVzY=
-14,18,bd7ulKLe4YT3FUpU41xAQtU6X1k=,qsficcpi/hyWu5Tzk+cQhaVE9dQ=
-15,17,bd7ulKLe4YT3FUpU41xAQtU6X1k=,U2AfWy22vyFNUmlnS2UyqG0RG54=
-14,17,bd7ulKLe4YT3FUpU41xAQtU6X1k=,fkesUyeokedaBZ5xYVwS0Tgyk6Y=
-2,21,bd7ulKLe4YT3FUpU41xAQtU6X1k=,fG2hE7L9WgdjnPPK28roYQHBJVA=
-5,21,bd7ulKLe4YT3FUpU41xAQtU6X1k=,rVThnI2JqcaBYoKIDTqhV7MOb8k=
-4,21,bd7ulKLe4YT3FUpU41xAQtU6X1k=,BLHfhf6hjtMKmDkQcKXrlaLENes=
-3,21,bd7ulKLe4YT3FUpU41xAQtU6X1k=,BLHfhf6hjtMKmDkQcKXrlaLENes=
-16,17,bd7ulKLe4YT3FUpU41xAQtU6X1k=,U2AfWy22vyFNUmlnS2UyqG0RG54=
-16,16,bd7ulKLe4YT3FUpU41xAQtU6X1k=,U2AfWy22vyFNUmlnS2UyqG0RG54=
-15,16,bd7ulKLe4YT3FUpU41xAQtU6X1k=,U2AfWy22vyFNUmlnS2UyqG0RG54=
-14,16,bd7ulKLe4YT3FUpU41xAQtU6X1k=,fkesUyeokedaBZ5xYVwS0Tgyk6Y=
-3,16,8uUvWtocyKrXhdtONTKA11ws11I=,Q37zsZzgdjKo559TaEV8wkt1ZeI=
-1,16,bd7ulKLe4YT3FUpU41xAQtU6X1k=,LyoJJGdtItWhePRgqMs02dcozwM=
-1,17,8uUvWtocyKrXhdtONTKA11ws11I=,LyoJJGdtItWhePRgqMs02dcozwM=
-1,18,bd7ulKLe4YT3FUpU41xAQtU6X1k=,P8bKlCxxZS+UFRNQGiC1SaUOto4=
-1,19,8uUvWtocyKrXhdtONTKA11ws11I=,P8bKlCxxZS+UFRNQGiC1SaUOto4=
-1,20,bd7ulKLe4YT3FUpU41xAQtU6X1k=,fG2hE7L9WgdjnPPK28roYQHBJVA=
-2,1,tTGpha6FoU/eVTA1bn9+ArPHcVw=,7TF1WYxa6Uw2He3L2THWhXIZsrY=
-2,2,tTGpha6FoU/eVTA1bn9+ArPHcVw=,bIJ5Qv1CmNU/fx48ACSWrYRzv7I=
-3,2,tTGpha6FoU/eVTA1bn9+ArPHcVw=,YhsP1hShHyP1W2swNc5b7gxpYZ0=
-3,1,tTGpha6FoU/eVTA1bn9+ArPHcVw=,JsRNxrlNzKJRqyle13T24Kkytww=
-3,3,AOLKzz15zG2t8o8VBmLQ9NNyInI=,YhsP1hShHyP1W2swNc5b7gxpYZ0=
-2,3,FaR/y+SUWAQ14hu9kucMMIIziTc=,bIJ5Qv1CmNU/fx48ACSWrYRzv7I=
-2,4,FaR/y+SUWAQ14hu9kucMMIIziTc=,wP/DoEGeUU2sEFm2i7tA9kR26Yo=
-3,4,FaR/y+SUWAQ14hu9kucMMIIziTc=,HhqnidaWv2AGoauTc0VDvm94LKA=
-4,4,AOLKzz15zG2t8o8VBmLQ9NNyInI=,HhqnidaWv2AGoauTc0VDvm94LKA=
-5,4,hABiZTgD2qfqwNyyZfWNOEgz7pY=,Y1Mla4F7eePszQpJQ1ToGLY4zjk=
-4,3,AOLKzz15zG2t8o8VBmLQ9NNyInI=,YhsP1hShHyP1W2swNc5b7gxpYZ0=
-5,3,AOLKzz15zG2t8o8VBmLQ9NNyInI=,DPIqpIyuh/YdkC9LxZizTBEfyVM=
-5,2,X62Wl4tOJu4hjs2DWPt5RTgqBc4=,DPIqpIyuh/YdkC9LxZizTBEfyVM=
-4,1,vEV5Acy8jMMsjrWuOnPnCpBffVQ=,JsRNxrlNzKJRqyle13T24Kkytww=
-4,2,vEV5Acy8jMMsjrWuOnPnCpBffVQ=,YhsP1hShHyP1W2swNc5b7gxpYZ0=
-5,1,X62Wl4tOJu4hjs2DWPt5RTgqBc4=,tmRuSpru7MAmqwIeRk7qFlhdYLs=
-6,2,1E0q/ZPTP/7bJ0l8Us67o4G5hhc=,DPIqpIyuh/YdkC9LxZizTBEfyVM=
-6,1,oaAsGnLo+eoTJWpmb0rO//PNt1c=,tmRuSpru7MAmqwIeRk7qFlhdYLs=
-7,1,1E0q/ZPTP/7bJ0l8Us67o4G5hhc=,lxTOkaaOx8rohUbFGyDqwRO3Gtg=
-7,2,1E0q/ZPTP/7bJ0l8Us67o4G5hhc=,9AvKuoj8AqizCv/eRILyqGF5VM4=
-9,1,1E0q/ZPTP/7bJ0l8Us67o4G5hhc=,xx3Xik8aBQoAh/Sp2udh5k9sHjE=
-8,2,oaAsGnLo+eoTJWpmb0rO//PNt1c=,9AvKuoj8AqizCv/eRILyqGF5VM4=
-9,2,1E0q/ZPTP/7bJ0l8Us67o4G5hhc=,OS00tyFc/ajWchmHjvAw6xw/ZiU=
-8,1,1E0q/ZPTP/7bJ0l8Us67o4G5hhc=,lxTOkaaOx8rohUbFGyDqwRO3Gtg=
-6,3,Q8YyOz1iz59PDy0eEbSCqMp3AaA=,DPIqpIyuh/YdkC9LxZizTBEfyVM=
-7,3,Q8YyOz1iz59PDy0eEbSCqMp3AaA=,9AvKuoj8AqizCv/eRILyqGF5VM4=
-9,4,Q8YyOz1iz59PDy0eEbSCqMp3AaA=,ixfv1PvTF/KwCOhSxouy6Wk9WRQ=
-8,3,sruMRLY9PoDzOXg5uwuSMQutXtg=,9AvKuoj8AqizCv/eRILyqGF5VM4=
-8,4,tgsQHZZ4SAiqtCsViaBhPDQPt7k=,oFEP7bVZ8C7Sh42g4WpZUY7UuvI=
-6,4,sruMRLY9PoDzOXg5uwuSMQutXtg=,Y1Mla4F7eePszQpJQ1ToGLY4zjk=
-7,4,tgsQHZZ4SAiqtCsViaBhPDQPt7k=,oFEP7bVZ8C7Sh42g4WpZUY7UuvI=
-9,3,sruMRLY9PoDzOXg5uwuSMQutXtg=,OS00tyFc/ajWchmHjvAw6xw/ZiU=
-9,6,Q8YyOz1iz59PDy0eEbSCqMp3AaA=,FDzuKG4b6EzsaVWWPMcoPtuj8nc=
-8,5,sruMRLY9PoDzOXg5uwuSMQutXtg=,oFEP7bVZ8C7Sh42g4WpZUY7UuvI=
-8,6,Q8YyOz1iz59PDy0eEbSCqMp3AaA=,IrKQyi1wVb7p/fqO7DR9HDul5r0=
-9,5,Q8YyOz1iz59PDy0eEbSCqMp3AaA=,ixfv1PvTF/KwCOhSxouy6Wk9WRQ=
-7,5,sruMRLY9PoDzOXg5uwuSMQutXtg=,oFEP7bVZ8C7Sh42g4WpZUY7UuvI=
-6,5,tgsQHZZ4SAiqtCsViaBhPDQPt7k=,Y1Mla4F7eePszQpJQ1ToGLY4zjk=
-7,6,sruMRLY9PoDzOXg5uwuSMQutXtg=,IrKQyi1wVb7p/fqO7DR9HDul5r0=
-6,6,sruMRLY9PoDzOXg5uwuSMQutXtg=,swP+YZD2YOd/vgptTp43glfKlLU=
-7,7,HXeF7OPTlAW38Z3nvHCZZY4TEqY=,IrKQyi1wVb7p/fqO7DR9HDul5r0=
-7,8,HXeF7OPTlAW38Z3nvHCZZY4TEqY=,q3RrXn8xAFi6GXcUN5seGCXeS/U=
-6,8,HXeF7OPTlAW38Z3nvHCZZY4TEqY=,MSKJStv04aByuOYyVQxiqtLmfd4=
-6,7,HXeF7OPTlAW38Z3nvHCZZY4TEqY=,swP+YZD2YOd/vgptTp43glfKlLU=
-8,7,cH5ukzNF/48SSHam47T4Ubo8Zzs=,IrKQyi1wVb7p/fqO7DR9HDul5r0=
-8,8,HXeF7OPTlAW38Z3nvHCZZY4TEqY=,q3RrXn8xAFi6GXcUN5seGCXeS/U=
-9,7,HXeF7OPTlAW38Z3nvHCZZY4TEqY=,FDzuKG4b6EzsaVWWPMcoPtuj8nc=
-9,8,HXeF7OPTlAW38Z3nvHCZZY4TEqY=,oqkC9gFDZaGpw307Fl9802cwAN0=
-7,9,dQ+0NnYz5wiyhaXacY/BJpHhEFs=,q3RrXn8xAFi6GXcUN5seGCXeS/U=
-6,9,dQ+0NnYz5wiyhaXacY/BJpHhEFs=,MSKJStv04aByuOYyVQxiqtLmfd4=
-7,10,dQ+0NnYz5wiyhaXacY/BJpHhEFs=,qqZt7a7eXs+iGG95W2TmhWJ5PO0=
-6,10,dQ+0NnYz5wiyhaXacY/BJpHhEFs=,p56dmkxxZ2pEwoNzfghHgVxTsbw=
-8,10,dQ+0NnYz5wiyhaXacY/BJpHhEFs=,qqZt7a7eXs+iGG95W2TmhWJ5PO0=
-9,10,dQ+0NnYz5wiyhaXacY/BJpHhEFs=,RNODf7+Bfv2RHvAEN6O3VQuT2U4=
-8,9,dQ+0NnYz5wiyhaXacY/BJpHhEFs=,q3RrXn8xAFi6GXcUN5seGCXeS/U=
-9,9,dQ+0NnYz5wiyhaXacY/BJpHhEFs=,oqkC9gFDZaGpw307Fl9802cwAN0=
-3,12,RJSftZ8yztBpM7qEn0KxktPORuQ=,NTDI61vWNzubxXyTsLr6NAmrq8I=
-3,11,RJSftZ8yztBpM7qEn0KxktPORuQ=,y+UWqMuBJfB+zpqAr4cHevr8800=
-2,11,RJSftZ8yztBpM7qEn0KxktPORuQ=,UyVsansWyEya86d5DDaTvZYg/NA=
-2,12,RJSftZ8yztBpM7qEn0KxktPORuQ=,2FH3Fke2Loxb+mOF3ezmrmGLO/M=
-4,10,ocw3YlT5C2SeanZ6M8U0hKB4R4Y=,y+UWqMuBJfB+zpqAr4cHevr8800=
-4,9,j5Rjdim/cLNDr8DViwLaYi3QXT4=,mDQhoc4joYNKL2qU/MS3mzPio/8=
-5,9,ocw3YlT5C2SeanZ6M8U0hKB4R4Y=,MSKJStv04aByuOYyVQxiqtLmfd4=
-5,10,j5Rjdim/cLNDr8DViwLaYi3QXT4=,p56dmkxxZ2pEwoNzfghHgVxTsbw=
-3,10,rpPmb2atYUWzSYOfUPgXGoUVBJE=,y+UWqMuBJfB+zpqAr4cHevr8800=
-2,10,rpPmb2atYUWzSYOfUPgXGoUVBJE=,UyVsansWyEya86d5DDaTvZYg/NA=
-2,9,rpPmb2atYUWzSYOfUPgXGoUVBJE=,Rvf9V2XXYTUb9uaVfhUfma0MS8Q=
-3,9,rpPmb2atYUWzSYOfUPgXGoUVBJE=,mDQhoc4joYNKL2qU/MS3mzPio/8=
-5,8,AOLKzz15zG2t8o8VBmLQ9NNyInI=,MSKJStv04aByuOYyVQxiqtLmfd4=
-5,5,hABiZTgD2qfqwNyyZfWNOEgz7pY=,Y1Mla4F7eePszQpJQ1ToGLY4zjk=
-5,6,AOLKzz15zG2t8o8VBmLQ9NNyInI=,swP+YZD2YOd/vgptTp43glfKlLU=
-5,7,AOLKzz15zG2t8o8VBmLQ9NNyInI=,swP+YZD2YOd/vgptTp43glfKlLU=
-4,7,AOLKzz15zG2t8o8VBmLQ9NNyInI=,XYqRv+ybAbHj9zMv1mzYaX7+UEo=
-4,5,AOLKzz15zG2t8o8VBmLQ9NNyInI=,HhqnidaWv2AGoauTc0VDvm94LKA=
-4,6,AOLKzz15zG2t8o8VBmLQ9NNyInI=,XYqRv+ybAbHj9zMv1mzYaX7+UEo=
-4,8,AOLKzz15zG2t8o8VBmLQ9NNyInI=,mDQhoc4joYNKL2qU/MS3mzPio/8=
-3,5,FaR/y+SUWAQ14hu9kucMMIIziTc=,HhqnidaWv2AGoauTc0VDvm94LKA=
-3,6,FaR/y+SUWAQ14hu9kucMMIIziTc=,XYqRv+ybAbHj9zMv1mzYaX7+UEo=
-1,10,P1kUW1I054OHdzrIGb0MKaj1WVk=,UyVsansWyEya86d5DDaTvZYg/NA=
-3,8,AOLKzz15zG2t8o8VBmLQ9NNyInI=,mDQhoc4joYNKL2qU/MS3mzPio/8=
-1,7,FaR/y+SUWAQ14hu9kucMMIIziTc=,S9MwS+RzfuZniN5weCWphskjFoY=
-1,6,YS9tVRk+MAkXpEJzMXSNKLy9kno=,S9MwS+RzfuZniN5weCWphskjFoY=
-1,9,P1kUW1I054OHdzrIGb0MKaj1WVk=,Rvf9V2XXYTUb9uaVfhUfma0MS8Q=
-1,5,YS9tVRk+MAkXpEJzMXSNKLy9kno=,wP/DoEGeUU2sEFm2i7tA9kR26Yo=
-2,6,FaR/y+SUWAQ14hu9kucMMIIziTc=,S9MwS+RzfuZniN5weCWphskjFoY=
-2,8,AOLKzz15zG2t8o8VBmLQ9NNyInI=,Rvf9V2XXYTUb9uaVfhUfma0MS8Q=
-2,7,AOLKzz15zG2t8o8VBmLQ9NNyInI=,S9MwS+RzfuZniN5weCWphskjFoY=
-2,5,FaR/y+SUWAQ14hu9kucMMIIziTc=,wP/DoEGeUU2sEFm2i7tA9kR26Yo=
-3,7,AOLKzz15zG2t8o8VBmLQ9NNyInI=,XYqRv+ybAbHj9zMv1mzYaX7+UEo=
-1,3,YS9tVRk+MAkXpEJzMXSNKLy9kno=,bIJ5Qv1CmNU/fx48ACSWrYRzv7I=
-1,8,YS9tVRk+MAkXpEJzMXSNKLy9kno=,Rvf9V2XXYTUb9uaVfhUfma0MS8Q=
-1,1,YS9tVRk+MAkXpEJzMXSNKLy9kno=,7TF1WYxa6Uw2He3L2THWhXIZsrY=
-1,2,YS9tVRk+MAkXpEJzMXSNKLy9kno=,bIJ5Qv1CmNU/fx48ACSWrYRzv7I=
-1,4,YS9tVRk+MAkXpEJzMXSNKLy9kno=,wP/DoEGeUU2sEFm2i7tA9kR26Yo=
-1,11,4WIdRZYFezD943jJ18t/u6J4zgo=,UyVsansWyEya86d5DDaTvZYg/NA=
-1,12,4WIdRZYFezD943jJ18t/u6J4zgo=,2FH3Fke2Loxb+mOF3ezmrmGLO/M=
-3,13,zuJpfKNHO01z2Lk701e5gcHcobc=,NTDI61vWNzubxXyTsLr6NAmrq8I=
-2,13,US3AU1JxmKxsp7mmy47LK7qN9Gg=,2FH3Fke2Loxb+mOF3ezmrmGLO/M=
-2,14,US3AU1JxmKxsp7mmy47LK7qN9Gg=,WDqccXqcGV/GmVxzqA9knBxjuQw=
-3,14,US3AU1JxmKxsp7mmy47LK7qN9Gg=,CRPhZbfM5QnYf7fh41LnHUQBUxw=
-4,14,xmq2Q5caLIeDp65uu4mWXuhvzns=,CRPhZbfM5QnYf7fh41LnHUQBUxw=
-4,13,0vuMQ0rHxFgVdCzCRMETzv0Gt8Y=,NTDI61vWNzubxXyTsLr6NAmrq8I=
-5,11,0vuMQ0rHxFgVdCzCRMETzv0Gt8Y=,p56dmkxxZ2pEwoNzfghHgVxTsbw=
-4,11,0vuMQ0rHxFgVdCzCRMETzv0Gt8Y=,y+UWqMuBJfB+zpqAr4cHevr8800=
-4,12,0vuMQ0rHxFgVdCzCRMETzv0Gt8Y=,NTDI61vWNzubxXyTsLr6NAmrq8I=
-5,13,xmq2Q5caLIeDp65uu4mWXuhvzns=,HGFW4Nvv9bBWUR0JFqD8ZdkJPDM=
-5,14,0vuMQ0rHxFgVdCzCRMETzv0Gt8Y=,wsi/gxrYEid/k5TtnrSVKJ9gBt0=
-5,12,0vuMQ0rHxFgVdCzCRMETzv0Gt8Y=,HGFW4Nvv9bBWUR0JFqD8ZdkJPDM=
-6,11,XHsKaO4SDZfRA8K13RNgGygAsmU=,p56dmkxxZ2pEwoNzfghHgVxTsbw=
-6,14,Lc7STc/8dQddp+i3yXrpUGPwPhU=,wsi/gxrYEid/k5TtnrSVKJ9gBt0=
-7,13,kifVMkgMbvHS2qCwgs9CoSZKh7Q=,l2iXHrf7klEPXsqTJQXLBug1WNc=
-6,12,dQ+0NnYz5wiyhaXacY/BJpHhEFs=,HGFW4Nvv9bBWUR0JFqD8ZdkJPDM=
-6,13,kifVMkgMbvHS2qCwgs9CoSZKh7Q=,HGFW4Nvv9bBWUR0JFqD8ZdkJPDM=
-7,14,Lc7STc/8dQddp+i3yXrpUGPwPhU=,hovk0MeibDLTVx5o996fkv2ruLs=
-9,11,dQ+0NnYz5wiyhaXacY/BJpHhEFs=,RNODf7+Bfv2RHvAEN6O3VQuT2U4=
-9,12,XHsKaO4SDZfRA8K13RNgGygAsmU=,OP6Q+Eg/DBU2eDz+pnBAkeQTnoo=
-7,12,XHsKaO4SDZfRA8K13RNgGygAsmU=,l2iXHrf7klEPXsqTJQXLBug1WNc=
-8,11,XHsKaO4SDZfRA8K13RNgGygAsmU=,qqZt7a7eXs+iGG95W2TmhWJ5PO0=
-8,12,XHsKaO4SDZfRA8K13RNgGygAsmU=,l2iXHrf7klEPXsqTJQXLBug1WNc=
-7,11,XHsKaO4SDZfRA8K13RNgGygAsmU=,qqZt7a7eXs+iGG95W2TmhWJ5PO0=
-8,13,Lc7STc/8dQddp+i3yXrpUGPwPhU=,l2iXHrf7klEPXsqTJQXLBug1WNc=
-9,13,Lc7STc/8dQddp+i3yXrpUGPwPhU=,OP6Q+Eg/DBU2eDz+pnBAkeQTnoo=
-8,14,kifVMkgMbvHS2qCwgs9CoSZKh7Q=,hovk0MeibDLTVx5o996fkv2ruLs=
-9,14,Lc7STc/8dQddp+i3yXrpUGPwPhU=,R42e19Le9a8nyZL+EmF7Be9+jbI=
-10,13,kifVMkgMbvHS2qCwgs9CoSZKh7Q=,OP6Q+Eg/DBU2eDz+pnBAkeQTnoo=
-11,13,kifVMkgMbvHS2qCwgs9CoSZKh7Q=,yl7mXSvVasLW+G9+1M3MRM5QXvI=
-11,14,kifVMkgMbvHS2qCwgs9CoSZKh7Q=,YCkKjvO1WSP9Z/Mtaa2mpZIiBfU=
-10,14,kifVMkgMbvHS2qCwgs9CoSZKh7Q=,R42e19Le9a8nyZL+EmF7Be9+jbI=
-13,14,B4YWah8zLSRz1m6PwTWMZDxOqpA=,pupaNgSbACBC70bVWdGVPSuaur0=
-13,13,B4YWah8zLSRz1m6PwTWMZDxOqpA=,fyV9kPD1o96GbqwqrQ8tV5tUIA0=
-12,14,B4YWah8zLSRz1m6PwTWMZDxOqpA=,YCkKjvO1WSP9Z/Mtaa2mpZIiBfU=
-12,13,B4YWah8zLSRz1m6PwTWMZDxOqpA=,yl7mXSvVasLW+G9+1M3MRM5QXvI=
-10,12,QxkiWiBN3u43xhf+tUZjscaT5B8=,OP6Q+Eg/DBU2eDz+pnBAkeQTnoo=
-10,11,QxkiWiBN3u43xhf+tUZjscaT5B8=,RNODf7+Bfv2RHvAEN6O3VQuT2U4=
-11,11,QxkiWiBN3u43xhf+tUZjscaT5B8=,ke9Ok8gli5O4krPqFI8LAbcvGoA=
-11,12,OAiDnEL7l4CklDhOqhNhOyCprD0=,yl7mXSvVasLW+G9+1M3MRM5QXvI=
-13,12,OAiDnEL7l4CklDhOqhNhOyCprD0=,fyV9kPD1o96GbqwqrQ8tV5tUIA0=
-12,11,OAiDnEL7l4CklDhOqhNhOyCprD0=,ke9Ok8gli5O4krPqFI8LAbcvGoA=
-13,11,OAiDnEL7l4CklDhOqhNhOyCprD0=,EpIgrbXhHbTQBIf7snI/XCQUO4g=
-12,12,OAiDnEL7l4CklDhOqhNhOyCprD0=,yl7mXSvVasLW+G9+1M3MRM5QXvI=
-15,11,OAiDnEL7l4CklDhOqhNhOyCprD0=,nnYTcRwg79SMm/P0FVNFCFyo1go=
-14,11,OAiDnEL7l4CklDhOqhNhOyCprD0=,EpIgrbXhHbTQBIf7snI/XCQUO4g=
-15,12,OAiDnEL7l4CklDhOqhNhOyCprD0=,7C3aWOY0ek1+hgzA95CB0RMXjhs=
-14,12,OAiDnEL7l4CklDhOqhNhOyCprD0=,fyV9kPD1o96GbqwqrQ8tV5tUIA0=
-14,10,eDs6BAe0HWgUgm5zsmQ9c6R7zpA=,EpIgrbXhHbTQBIf7snI/XCQUO4g=
-14,9,eDs6BAe0HWgUgm5zsmQ9c6R7zpA=,FeFoshatQl21d4UPwMhbnL4xXkc=
-15,9,k80Lm44tc7YN7cb3C4sOOWCZZQo=,6Fqgzp6fASZEbhmlkNcfEqfcdhU=
-15,10,eDs6BAe0HWgUgm5zsmQ9c6R7zpA=,nnYTcRwg79SMm/P0FVNFCFyo1go=
-14,8,DkE0KALPZ0cFw0LYDgaDgTQV4WY=,FeFoshatQl21d4UPwMhbnL4xXkc=
-15,8,DkE0KALPZ0cFw0LYDgaDgTQV4WY=,6Fqgzp6fASZEbhmlkNcfEqfcdhU=
-14,7,DkE0KALPZ0cFw0LYDgaDgTQV4WY=,9YxaSQBHAA3dV1D3fcN1OtvHQYk=
-15,7,DkE0KALPZ0cFw0LYDgaDgTQV4WY=,5NvV35t+dCuF0aFy4WDLzB6Ddn0=
-14,6,781yIlWuow8qsdj7QqiFG1gMohE=,9YxaSQBHAA3dV1D3fcN1OtvHQYk=
-15,6,781yIlWuow8qsdj7QqiFG1gMohE=,5NvV35t+dCuF0aFy4WDLzB6Ddn0=
-14,5,781yIlWuow8qsdj7QqiFG1gMohE=,MRcLzp3rYpqZMylgyNEAr2u8nX0=
-15,5,781yIlWuow8qsdj7QqiFG1gMohE=,Ulc6giA4FNTW20wPuxXIRSsS9rY=
-14,4,jIFWDNpmHpgFu9i9RoI4P8nu13s=,MRcLzp3rYpqZMylgyNEAr2u8nX0=
-14,3,jIFWDNpmHpgFu9i9RoI4P8nu13s=,hQc5+g4i8GA5ipPud2VSkZt0jdg=
-15,4,jIFWDNpmHpgFu9i9RoI4P8nu13s=,Ulc6giA4FNTW20wPuxXIRSsS9rY=
-15,3,781yIlWuow8qsdj7QqiFG1gMohE=,4g0ldV/pIlhotigj1b84UuultP4=
-14,2,5Dk3KbmI9Kix5dPTe7sii4JO3gQ=,hQc5+g4i8GA5ipPud2VSkZt0jdg=
-15,1,5Dk3KbmI9Kix5dPTe7sii4JO3gQ=,B5f4+20lIHXGhj04rlZ6u+8wMP8=
-14,1,5Dk3KbmI9Kix5dPTe7sii4JO3gQ=,oV9N3jP9wC9x1pzocV2gjfoUNpk=
-15,2,5Dk3KbmI9Kix5dPTe7sii4JO3gQ=,4g0ldV/pIlhotigj1b84UuultP4=
-10,2,Q8YyOz1iz59PDy0eEbSCqMp3AaA=,OS00tyFc/ajWchmHjvAw6xw/ZiU=
-10,1,Q8YyOz1iz59PDy0eEbSCqMp3AaA=,xx3Xik8aBQoAh/Sp2udh5k9sHjE=
-12,1,1E0q/ZPTP/7bJ0l8Us67o4G5hhc=,Hc9ASSVT2nczkq1E5V5GyS567Sk=
-11,1,Q8YyOz1iz59PDy0eEbSCqMp3AaA=,Hc9ASSVT2nczkq1E5V5GyS567Sk=
-13,2,1E0q/ZPTP/7bJ0l8Us67o4G5hhc=,hQc5+g4i8GA5ipPud2VSkZt0jdg=
-12,2,1E0q/ZPTP/7bJ0l8Us67o4G5hhc=,5vUGqIC+Qi0QZeyzs1gNkcXvHWg=
-13,1,1E0q/ZPTP/7bJ0l8Us67o4G5hhc=,oV9N3jP9wC9x1pzocV2gjfoUNpk=
-11,2,Q8YyOz1iz59PDy0eEbSCqMp3AaA=,5vUGqIC+Qi0QZeyzs1gNkcXvHWg=
-12,0,UMwfjNj0qXtEicMWuSqbLVAU/cI=,Hc9ASSVT2nczkq1E5V5GyS567Sk=
-13,0,UMwfjNj0qXtEicMWuSqbLVAU/cI=,oV9N3jP9wC9x1pzocV2gjfoUNpk=
-14,0,5Dk3KbmI9Kix5dPTe7sii4JO3gQ=,oV9N3jP9wC9x1pzocV2gjfoUNpk=
-15,0,5Dk3KbmI9Kix5dPTe7sii4JO3gQ=,B5f4+20lIHXGhj04rlZ6u+8wMP8=
-11,0,UMwfjNj0qXtEicMWuSqbLVAU/cI=,Hc9ASSVT2nczkq1E5V5GyS567Sk=
-10,5,Brs5la8aYbcZCtbt0axNClS5nh8=,ixfv1PvTF/KwCOhSxouy6Wk9WRQ=
-10,4,Brs5la8aYbcZCtbt0axNClS5nh8=,ixfv1PvTF/KwCOhSxouy6Wk9WRQ=
-10,0,UMwfjNj0qXtEicMWuSqbLVAU/cI=,xx3Xik8aBQoAh/Sp2udh5k9sHjE=
-10,6,Brs5la8aYbcZCtbt0axNClS5nh8=,FDzuKG4b6EzsaVWWPMcoPtuj8nc=
-13,3,JPmAXcfrMftpgD8Sl4V7NrjRfpY=,hQc5+g4i8GA5ipPud2VSkZt0jdg=
-13,5,jIFWDNpmHpgFu9i9RoI4P8nu13s=,MRcLzp3rYpqZMylgyNEAr2u8nX0=
-10,3,wO4jy2LaZCNkPvN8M4xSbVI0koI=,OS00tyFc/ajWchmHjvAw6xw/ZiU=
-11,3,wO4jy2LaZCNkPvN8M4xSbVI0koI=,5vUGqIC+Qi0QZeyzs1gNkcXvHWg=
-12,3,JPmAXcfrMftpgD8Sl4V7NrjRfpY=,5vUGqIC+Qi0QZeyzs1gNkcXvHWg=
-12,5,jIFWDNpmHpgFu9i9RoI4P8nu13s=,QhQE8D8TY9NKkaeXs4KZzFJSUoE=
-11,4,Brs5la8aYbcZCtbt0axNClS5nh8=,QhQE8D8TY9NKkaeXs4KZzFJSUoE=
-12,4,JPmAXcfrMftpgD8Sl4V7NrjRfpY=,QhQE8D8TY9NKkaeXs4KZzFJSUoE=
-11,5,Brs5la8aYbcZCtbt0axNClS5nh8=,QhQE8D8TY9NKkaeXs4KZzFJSUoE=
-12,6,jIFWDNpmHpgFu9i9RoI4P8nu13s=,Oc2eN6ztAFXsuEROKDrn4pL+lZM=
-11,6,Brs5la8aYbcZCtbt0axNClS5nh8=,Oc2eN6ztAFXsuEROKDrn4pL+lZM=
-13,6,781yIlWuow8qsdj7QqiFG1gMohE=,9YxaSQBHAA3dV1D3fcN1OtvHQYk=
-13,4,JPmAXcfrMftpgD8Sl4V7NrjRfpY=,MRcLzp3rYpqZMylgyNEAr2u8nX0=
-8,0,WubdWX64iicDy5Nl1mhvg3mV0FU=,lxTOkaaOx8rohUbFGyDqwRO3Gtg=
-9,0,WubdWX64iicDy5Nl1mhvg3mV0FU=,xx3Xik8aBQoAh/Sp2udh5k9sHjE=
-3,0,pPj8uLtPfol+V2h0dlWe1wbcfrI=,JsRNxrlNzKJRqyle13T24Kkytww=
-1,0,YS9tVRk+MAkXpEJzMXSNKLy9kno=,7TF1WYxa6Uw2He3L2THWhXIZsrY=
-2,0,pPj8uLtPfol+V2h0dlWe1wbcfrI=,7TF1WYxa6Uw2He3L2THWhXIZsrY=
-7,0,pPj8uLtPfol+V2h0dlWe1wbcfrI=,lxTOkaaOx8rohUbFGyDqwRO3Gtg=
-4,0,pPj8uLtPfol+V2h0dlWe1wbcfrI=,JsRNxrlNzKJRqyle13T24Kkytww=
-5,0,pPj8uLtPfol+V2h0dlWe1wbcfrI=,tmRuSpru7MAmqwIeRk7qFlhdYLs=
-6,0,pPj8uLtPfol+V2h0dlWe1wbcfrI=,tmRuSpru7MAmqwIeRk7qFlhdYLs=
-15,15,LMAn5ONw5QqT8SUUlByCLy2g7aI=,0+xjDDTuhc0+7q0UjIbe5V+1nL4=
-16,14,LMAn5ONw5QqT8SUUlByCLy2g7aI=,0+xjDDTuhc0+7q0UjIbe5V+1nL4=
-14,13,FospMdKR2lGIFjhFaLzRe0NPMfQ=,fyV9kPD1o96GbqwqrQ8tV5tUIA0=
-12,15,kifVMkgMbvHS2qCwgs9CoSZKh7Q=,YCkKjvO1WSP9Z/Mtaa2mpZIiBfU=
-14,15,LMAn5ONw5QqT8SUUlByCLy2g7aI=,pupaNgSbACBC70bVWdGVPSuaur0=
-15,14,FospMdKR2lGIFjhFaLzRe0NPMfQ=,0+xjDDTuhc0+7q0UjIbe5V+1nL4=
-14,14,FospMdKR2lGIFjhFaLzRe0NPMfQ=,pupaNgSbACBC70bVWdGVPSuaur0=
-16,13,LMAn5ONw5QqT8SUUlByCLy2g7aI=,7C3aWOY0ek1+hgzA95CB0RMXjhs=
-13,15,kifVMkgMbvHS2qCwgs9CoSZKh7Q=,pupaNgSbACBC70bVWdGVPSuaur0=
-15,13,FospMdKR2lGIFjhFaLzRe0NPMfQ=,7C3aWOY0ek1+hgzA95CB0RMXjhs=
-16,11,LMAn5ONw5QqT8SUUlByCLy2g7aI=,nnYTcRwg79SMm/P0FVNFCFyo1go=
-16,12,LMAn5ONw5QqT8SUUlByCLy2g7aI=,7C3aWOY0ek1+hgzA95CB0RMXjhs=
-16,10,LMAn5ONw5QqT8SUUlByCLy2g7aI=,nnYTcRwg79SMm/P0FVNFCFyo1go=
-16,9,LMAn5ONw5QqT8SUUlByCLy2g7aI=,6Fqgzp6fASZEbhmlkNcfEqfcdhU=
-16,8,LMAn5ONw5QqT8SUUlByCLy2g7aI=,6Fqgzp6fASZEbhmlkNcfEqfcdhU=
-16,6,LMAn5ONw5QqT8SUUlByCLy2g7aI=,5NvV35t+dCuF0aFy4WDLzB6Ddn0=
-16,5,LMAn5ONw5QqT8SUUlByCLy2g7aI=,Ulc6giA4FNTW20wPuxXIRSsS9rY=
-16,7,LMAn5ONw5QqT8SUUlByCLy2g7aI=,5NvV35t+dCuF0aFy4WDLzB6Ddn0=
-16,3,LMAn5ONw5QqT8SUUlByCLy2g7aI=,4g0ldV/pIlhotigj1b84UuultP4=
-16,4,LMAn5ONw5QqT8SUUlByCLy2g7aI=,Ulc6giA4FNTW20wPuxXIRSsS9rY=
-16,1,5Dk3KbmI9Kix5dPTe7sii4JO3gQ=,B5f4+20lIHXGhj04rlZ6u+8wMP8=
-16,0,y3TlVqRJLPf5y+bAO8GM+yW3OrE=,B5f4+20lIHXGhj04rlZ6u+8wMP8=
-16,2,5Dk3KbmI9Kix5dPTe7sii4JO3gQ=,4g0ldV/pIlhotigj1b84UuultP4=
-1,13,4WIdRZYFezD943jJ18t/u6J4zgo=,2FH3Fke2Loxb+mOF3ezmrmGLO/M=
-1,14,4WIdRZYFezD943jJ18t/u6J4zgo=,WDqccXqcGV/GmVxzqA9knBxjuQw=
-2,15,7gcZf16nlY3vJKaQo2GrldGYTGk=,WDqccXqcGV/GmVxzqA9knBxjuQw=
-3,15,7gcZf16nlY3vJKaQo2GrldGYTGk=,CRPhZbfM5QnYf7fh41LnHUQBUxw=
-5,15,7gcZf16nlY3vJKaQo2GrldGYTGk=,wsi/gxrYEid/k5TtnrSVKJ9gBt0=
-4,15,7gcZf16nlY3vJKaQo2GrldGYTGk=,CRPhZbfM5QnYf7fh41LnHUQBUxw=
-16,15,LMAn5ONw5QqT8SUUlByCLy2g7aI=,0+xjDDTuhc0+7q0UjIbe5V+1nL4=
-1,15,4WIdRZYFezD943jJ18t/u6J4zgo=,WDqccXqcGV/GmVxzqA9knBxjuQw=
-7,15,tv395Jd4EYevupRmJExCXlrGoe4=,hovk0MeibDLTVx5o996fkv2ruLs=
-6,15,tv395Jd4EYevupRmJExCXlrGoe4=,wsi/gxrYEid/k5TtnrSVKJ9gBt0=
-8,15,tv395Jd4EYevupRmJExCXlrGoe4=,hovk0MeibDLTVx5o996fkv2ruLs=
-10,15,Lc7STc/8dQddp+i3yXrpUGPwPhU=,R42e19Le9a8nyZL+EmF7Be9+jbI=
-11,15,Lc7STc/8dQddp+i3yXrpUGPwPhU=,YCkKjvO1WSP9Z/Mtaa2mpZIiBfU=
-9,15,tv395Jd4EYevupRmJExCXlrGoe4=,R42e19Le9a8nyZL+EmF7Be9+jbI=
-13,7,+hcrmXFQbitwRLu6sBTcirI6chs=,9YxaSQBHAA3dV1D3fcN1OtvHQYk=
-13,8,+hcrmXFQbitwRLu6sBTcirI6chs=,FeFoshatQl21d4UPwMhbnL4xXkc=
-10,10,HXeF7OPTlAW38Z3nvHCZZY4TEqY=,RNODf7+Bfv2RHvAEN6O3VQuT2U4=
-13,9,DkE0KALPZ0cFw0LYDgaDgTQV4WY=,FeFoshatQl21d4UPwMhbnL4xXkc=
-12,8,DkE0KALPZ0cFw0LYDgaDgTQV4WY=,UPGOUO6UanJ+O9ZiNX3d6d21e2w=
-11,10,HXeF7OPTlAW38Z3nvHCZZY4TEqY=,ke9Ok8gli5O4krPqFI8LAbcvGoA=
-13,10,eDs6BAe0HWgUgm5zsmQ9c6R7zpA=,EpIgrbXhHbTQBIf7snI/XCQUO4g=
-12,9,DkE0KALPZ0cFw0LYDgaDgTQV4WY=,UPGOUO6UanJ+O9ZiNX3d6d21e2w=
-10,9,HXeF7OPTlAW38Z3nvHCZZY4TEqY=,oqkC9gFDZaGpw307Fl9802cwAN0=
-11,9,HXeF7OPTlAW38Z3nvHCZZY4TEqY=,UPGOUO6UanJ+O9ZiNX3d6d21e2w=
-10,8,HXeF7OPTlAW38Z3nvHCZZY4TEqY=,oqkC9gFDZaGpw307Fl9802cwAN0=
-12,7,+hcrmXFQbitwRLu6sBTcirI6chs=,Oc2eN6ztAFXsuEROKDrn4pL+lZM=
-12,10,eDs6BAe0HWgUgm5zsmQ9c6R7zpA=,ke9Ok8gli5O4krPqFI8LAbcvGoA=
-11,8,cH5ukzNF/48SSHam47T4Ubo8Zzs=,UPGOUO6UanJ+O9ZiNX3d6d21e2w=
-10,7,cH5ukzNF/48SSHam47T4Ubo8Zzs=,FDzuKG4b6EzsaVWWPMcoPtuj8nc=
-11,7,HXeF7OPTlAW38Z3nvHCZZY4TEqY=,Oc2eN6ztAFXsuEROKDrn4pL+lZM=
