-15,-13,bVp215KihXzFvzpuLHpOSEZqdtk=,5eJvCk7SFynwSqO98EVbobwXq2s=
-14,-12,bVp215KihXzFvzpuLHpOSEZqdtk=,M+N2P2ZXxVaR8IcoZHfDGTALemg=
-14,-13,bVp215KihXzFvzpuLHpOSEZqdtk=,NZbvaUDJXCivjzgUxjt6WpxflFc=
-15,-12,bVp215KihXzFvzpuLHpOSEZqdtk=,DYPVjxndDEg3z3cgct9ni8KPqns=
-12,-12,gDSGMWyEWwPDkNI3lHtVJTOwhMQ=,QRIlCCBDmCAhwphliw5yqwbGN3Q=
-12,-10,bVp215KihXzFvzpuLHpOSEZqdtk=,ItbuqJPEjSzNCpdUVNfEbbV+9CE=
-13,-12,gDSGMWyEWwPDkNI3lHtVJTOwhMQ=,M+N2P2ZXxVaR8IcoZHfDGTALemg=
-13,-13,gDSGMWyEWwPDkNI3lHtVJTOwhMQ=,NZbvaUDJXCivjzgUxjt6WpxflFc=
-12,-13,gDSGMWyEWwPDkNI3lHtVJTOwhMQ=,P0yo0AN9jcHOKbtqJfKM0GmE9nc=
-13,-10,bVp215KihXzFvzpuLHpOSEZqdtk=,dyOpUn6+1vgPpDyUUMH44LQODsw=
-13,-11,bVp215KihXzFvzpuLHpOSEZqdtk=,M+N2P2ZXxVaR8IcoZHfDGTALemg=
-12,-11,bVp215KihXzFvzpuLHpOSEZqdtk=,QRIlCCBDmCAhwphliw5yqwbGN3Q=
-12,-8,BQgc2h9VCqB7V1jWkdg1LzvWmb4=,sMQSqElt4WIul5O1aI13mfWB3i8=
-12,-9,BQgc2h9VCqB7V1jWkdg1LzvWmb4=,ItbuqJPEjSzNCpdUVNfEbbV+9CE=
-13,-8,bVp215KihXzFvzpuLHpOSEZqdtk=,08GPIQzwUUCjGQJsBL32cO8Dom4=
-13,-9,bVp215KihXzFvzpuLHpOSEZqdtk=,dyOpUn6+1vgPpDyUUMH44LQODsw=
-11,-6,6qCLzk0BQU/lB0MwC1ugH2GtmN0=,Plu9ohBy/dEtWmhW6Imd/53ZcFw=
-11,-7,6qCLzk0BQU/lB0MwC1ugH2GtmN0=,sMQSqElt4WIul5O1aI13mfWB3i8=
-10,-7,6qCLzk0BQU/lB0MwC1ugH2GtmN0=,F+aKTyPlOi+O4othyjIvVpGZSZg=
-10,-6,6qCLzk0BQU/lB0MwC1ugH2GtmN0=,N2wakuLS1vAYMmOjMyXB+UKNY7c=
-12,-6,GwLLwQ0/3H8j5MIlS2Lp/wdigj0=,Plu9ohBy/dEtWmhW6Imd/53ZcFw=
-12,-7,GwLLwQ0/3H8j5MIlS2Lp/wdigj0=,sMQSqElt4WIul5O1aI13mfWB3i8=
-13,-7,GwLLwQ0/3H8j5MIlS2Lp/wdigj0=,08GPIQzwUUCjGQJsBL32cO8Dom4=
-13,-6,GwLLwQ0/3H8j5MIlS2Lp/wdigj0=,CuX2iDM0usvzW7jw+Ij4wgSd9BQ=
-8,-4,X6VgAI54PNPTkjbmSjbG0DlfJJk=,T/HmEAyw0G37R2SI0iB1hubW+Dw=
-9,-4,2yP4xA9ogXX121Q0Mt4e7FZrgZk=,iY8+RzwgkHmDrCRtBPaf6Nbwywg=
-9,-5,2yP4xA9ogXX121Q0Mt4e7FZrgZk=,N2wakuLS1vAYMmOjMyXB+UKNY7c=
-8,-5,X6VgAI54PNPTkjbmSjbG0DlfJJk=,DpM9yj9K/EYBdiSdLwaY4F5WNq0=
-10,-5,2yP4xA9ogXX121Q0Mt4e7FZrgZk=,N2wakuLS1vAYMmOjMyXB+UKNY7c=
-10,-4,X6VgAI54PNPTkjbmSjbG0DlfJJk=,iY8+RzwgkHmDrCRtBPaf6Nbwywg=
-11,-5,X6VgAI54PNPTkjbmSjbG0DlfJJk=,Plu9ohBy/dEtWmhW6Imd/53ZcFw=
-11,-4,2yP4xA9ogXX121Q0Mt4e7FZrgZk=,zGvsK3UxkE4t0N5uZ6aORLNEpVY=
-12,-5,x2oa85CYvIlbZcQWDroH31DTJn8=,Plu9ohBy/dEtWmhW6Imd/53ZcFw=
-13,-5,x2oa85CYvIlbZcQWDroH31DTJn8=,CuX2iDM0usvzW7jw+Ij4wgSd9BQ=
-12,-4,X6VgAI54PNPTkjbmSjbG0DlfJJk=,zGvsK3UxkE4t0N5uZ6aORLNEpVY=
-13,-4,x2oa85CYvIlbZcQWDroH31DTJn8=,XgRTKSLCwDiJKYLtjoqrdxYGfUM=
-11,-3,h6BEATZ53K9Hriz74yrB8RV8Zu8=,zGvsK3UxkE4t0N5uZ6aORLNEpVY=
-10,-3,h6BEATZ53K9Hriz74yrB8RV8Zu8=,iY8+RzwgkHmDrCRtBPaf6Nbwywg=
-11,-2,h6BEATZ53K9Hriz74yrB8RV8Zu8=,Sgc5X+SYegN3Hjz2boI1hHj03CM=
-10,-2,h6BEATZ53K9Hriz74yrB8RV8Zu8=,OezYJNCz3ubnVlFWUddW1LxC04A=
-12,-3,P7Jh24tN15QJjYjOUl7RjIkRszo=,zGvsK3UxkE4t0N5uZ6aORLNEpVY=
-12,-2,P7Jh24tN15QJjYjOUl7RjIkRszo=,Sgc5X+SYegN3Hjz2boI1hHj03CM=
-13,-2,P7Jh24tN15QJjYjOUl7RjIkRszo=,1y1A8wdQkieMq7esKedH0aphc8w=
-13,-3,P7Jh24tN15QJjYjOUl7RjIkRszo=,XgRTKSLCwDiJKYLtjoqrdxYGfUM=
-14,-2,6zLTBCN+HnU4XW86HXXzikVIlnE=,1y1A8wdQkieMq7esKedH0aphc8w=
-15,-2,6zLTBCN+HnU4XW86HXXzikVIlnE=,a83thJfOLbGrOpPax+SibC9FNkg=
-14,-3,6zLTBCN+HnU4XW86HXXzikVIlnE=,XgRTKSLCwDiJKYLtjoqrdxYGfUM=
-15,-3,6zLTBCN+HnU4XW86HXXzikVIlnE=,zcaJEAER/+zwKuOfQAzo9TEkrDs=
-14,-5,P7Jh24tN15QJjYjOUl7RjIkRszo=,CuX2iDM0usvzW7jw+Ij4wgSd9BQ=
-15,-5,P7Jh24tN15QJjYjOUl7RjIkRszo=,gaELyDeGJTyYbtAcv0qDEdLk/iE=
-14,-4,P7Jh24tN15QJjYjOUl7RjIkRszo=,XgRTKSLCwDiJKYLtjoqrdxYGfUM=
-15,-4,P7Jh24tN15QJjYjOUl7RjIkRszo=,zcaJEAER/+zwKuOfQAzo9TEkrDs=
-14,-6,X6VgAI54PNPTkjbmSjbG0DlfJJk=,CuX2iDM0usvzW7jw+Ij4wgSd9BQ=
-15,-7,X6VgAI54PNPTkjbmSjbG0DlfJJk=,IGbhgQmXbQNr9ljGXvxvE/rKsRo=
-14,-7,X6VgAI54PNPTkjbmSjbG0DlfJJk=,08GPIQzwUUCjGQJsBL32cO8Dom4=
-15,-6,X6VgAI54PNPTkjbmSjbG0DlfJJk=,gaELyDeGJTyYbtAcv0qDEdLk/iE=
-16,-8,hgqzTc8f2emvY6XjZBmtB+2qOYU=,IGbhgQmXbQNr9ljGXvxvE/rKsRo=
-14,-9,R9zEupFDVr4EGeF4x9BVGFJVqoE=,dyOpUn6+1vgPpDyUUMH44LQODsw=
-15,-11,bVp215KihXzFvzpuLHpOSEZqdtk=,DYPVjxndDEg3z3cgct9ni8KPqns=
-14,-8,R9zEupFDVr4EGeF4x9BVGFJVqoE=,08GPIQzwUUCjGQJsBL32cO8Dom4=
-14,-10,R9zEupFDVr4EGeF4x9BVGFJVqoE=,dyOpUn6+1vgPpDyUUMH44LQODsw=
-14,-11,bVp215KihXzFvzpuLHpOSEZqdtk=,M+N2P2ZXxVaR8IcoZHfDGTALemg=
-15,-9,R9zEupFDVr4EGeF4x9BVGFJVqoE=,kk8J8P48UqZMmGbjaQSC0CsOVvA=
-15,-8,R9zEupFDVr4EGeF4x9BVGFJVqoE=,IGbhgQmXbQNr9ljGXvxvE/rKsRo=
-16,-6,0VKvGmm1+CHDxJpw3AOkCtQIipM=,gaELyDeGJTyYbtAcv0qDEdLk/iE=
-15,-10,bVp215KihXzFvzpuLHpOSEZqdtk=,kk8J8P48UqZMmGbjaQSC0CsOVvA=
-16,-9,hgqzTc8f2emvY6XjZBmtB+2qOYU=,kk8J8P48UqZMmGbjaQSC0CsOVvA=
-16,-7,0VKvGmm1+CHDxJpw3AOkCtQIipM=,IGbhgQmXbQNr9ljGXvxvE/rKsRo=
-16,-10,hgqzTc8f2emvY6XjZBmtB+2qOYU=,kk8J8P48UqZMmGbjaQSC0CsOVvA=
-16,-11,hgqzTc8f2emvY6XjZBmtB+2qOYU=,DYPVjxndDEg3z3cgct9ni8KPqns=
-16,-12,bVp215KihXzFvzpuLHpOSEZqdtk=,DYPVjxndDEg3z3cgct9ni8KPqns=
-16,-13,R9zEupFDVr4EGeF4x9BVGFJVqoE=,5eJvCk7SFynwSqO98EVbobwXq2s=
-14,-14,bVp215KihXzFvzpuLHpOSEZqdtk=,NZbvaUDJXCivjzgUxjt6WpxflFc=
-15,-15,R9zEupFDVr4EGeF4x9BVGFJVqoE=,Bg2tZpHmaHfVYrpkAywb+LtlQA0=
-14,-15,bVp215KihXzFvzpuLHpOSEZqdtk=,0t6AXl8bfNqMZj9pQ6Nb5iij0pk=
-15,-14,bVp215KihXzFvzpuLHpOSEZqdtk=,5eJvCk7SFynwSqO98EVbobwXq2s=
-13,-14,gDSGMWyEWwPDkNI3lHtVJTOwhMQ=,NZbvaUDJXCivjzgUxjt6WpxflFc=
-12,-14,gDSGMWyEWwPDkNI3lHtVJTOwhMQ=,P0yo0AN9jcHOKbtqJfKM0GmE9nc=
-13,-15,gDSGMWyEWwPDkNI3lHtVJTOwhMQ=,0t6AXl8bfNqMZj9pQ6Nb5iij0pk=
-12,-15,gDSGMWyEWwPDkNI3lHtVJTOwhMQ=,xNDSFXhq+/k+j6Tt2A9qlz4E1Zg=
-10,-15,reU7xM67D/z4MQ8WCv2mfnbCdZQ=,94JQv6ZSPeqK19Wc3J6+JhdHG5M=
-11,-15,reU7xM67D/z4MQ8WCv2mfnbCdZQ=,xNDSFXhq+/k+j6Tt2A9qlz4E1Zg=
-11,-14,reU7xM67D/z4MQ8WCv2mfnbCdZQ=,P0yo0AN9jcHOKbtqJfKM0GmE9nc=
-10,-14,reU7xM67D/z4MQ8WCv2mfnbCdZQ=,8PrJWAnc64nJpGyU1m8vLQ++R7A=
-11,-13,9vXvP+MXY1AYSAghuurddSpw9mM=,P0yo0AN9jcHOKbtqJfKM0GmE9nc=
-11,-12,9vXvP+MXY1AYSAghuurddSpw9mM=,QRIlCCBDmCAhwphliw5yqwbGN3Q=
-10,-12,9vXvP+MXY1AYSAghuurddSpw9mM=,1VskzPaoc/oI6sgfdxk+F3BBQd4=
-10,-13,9vXvP+MXY1AYSAghuurddSpw9mM=,8PrJWAnc64nJpGyU1m8vLQ++R7A=
-9,-12,9vXvP+MXY1AYSAghuurddSpw9mM=,1VskzPaoc/oI6sgfdxk+F3BBQd4=
-8,-12,9vXvP+MXY1AYSAghuurddSpw9mM=,AiTSY7W07d6LsaKS/8woDadUxM0=
-9,-13,reU7xM67D/z4MQ8WCv2mfnbCdZQ=,8PrJWAnc64nJpGyU1m8vLQ++R7A=
-8,-13,reU7xM67D/z4MQ8WCv2mfnbCdZQ=,yCtgz6AbE6giG3i/CANTZoVCDNI=
-11,-8,bVp215KihXzFvzpuLHpOSEZqdtk=,sMQSqElt4WIul5O1aI13mfWB3i8=
-10,-11,R9zEupFDVr4EGeF4x9BVGFJVqoE=,1VskzPaoc/oI6sgfdxk+F3BBQd4=
-11,-11,bVp215KihXzFvzpuLHpOSEZqdtk=,QRIlCCBDmCAhwphliw5yqwbGN3Q=
-10,-9,BQgc2h9VCqB7V1jWkdg1LzvWmb4=,HC0Kfsieu+4QIV2n94gdelD+5Yk=
-10,-8,BQgc2h9VCqB7V1jWkdg1LzvWmb4=,F+aKTyPlOi+O4othyjIvVpGZSZg=
-10,-10,BQgc2h9VCqB7V1jWkdg1LzvWmb4=,HC0Kfsieu+4QIV2n94gdelD+5Yk=
-11,-9,BQgc2h9VCqB7V1jWkdg1LzvWmb4=,ItbuqJPEjSzNCpdUVNfEbbV+9CE=
-11,-10,BQgc2h9VCqB7V1jWkdg1LzvWmb4=,ItbuqJPEjSzNCpdUVNfEbbV+9CE=
-8,-10,XKdTeg6AN9fDNULMrpCueZqzIv8=,jD7UpJ4EKdOsh9NGE/ZIEuxZRYU=
-9,-11,bgx50RgDUwdGpTeRbtUOphJFCRY=,1VskzPaoc/oI6sgfdxk+F3BBQd4=
-9,-10,bgx50RgDUwdGpTeRbtUOphJFCRY=,HC0Kfsieu+4QIV2n94gdelD+5Yk=
-8,-11,XKdTeg6AN9fDNULMrpCueZqzIv8=,AiTSY7W07d6LsaKS/8woDadUxM0=
-7,-12,02CaZNbDyAd5osh8KuAmhPBJBT0=,AiTSY7W07d6LsaKS/8woDadUxM0=
-6,-13,02CaZNbDyAd5osh8KuAmhPBJBT0=,ydjxJnQpr8sHnwqqwv782N9LTcQ=
-7,-13,E7JqhcB6yQKFUmi5se94uqyAWyQ=,yCtgz6AbE6giG3i/CANTZoVCDNI=
-6,-12,E7JqhcB6yQKFUmi5se94uqyAWyQ=,5/3i0tWhXuN/fBDLpfNliEP9zr8=
-7,-10,srkSFjHV6CBNEguFn0xLExCBu5Y=,jD7UpJ4EKdOsh9NGE/ZIEuxZRYU=
-7,-11,hgqzTc8f2emvY6XjZBmtB+2qOYU=,AiTSY7W07d6LsaKS/8woDadUxM0=
-6,-10,x4SAfI7cidF68sAgxrsfqzLYoHM=,G8BdgmQ17YzRAA+w4r6r8kEF6ZA=
-6,-11,x4SAfI7cidF68sAgxrsfqzLYoHM=,5/3i0tWhXuN/fBDLpfNliEP9zr8=
-5,-9,srkSFjHV6CBNEguFn0xLExCBu5Y=,G8BdgmQ17YzRAA+w4r6r8kEF6ZA=
-4,-8,srkSFjHV6CBNEguFn0xLExCBu5Y=,XP7Y8yV3rcIwHMqE8zTGRjPDtcE=
-4,-9,x4SAfI7cidF68sAgxrsfqzLYoHM=,hyj/lny+jJbQzTLNyfE6PooC3dI=
-5,-8,srkSFjHV6CBNEguFn0xLExCBu5Y=,szL3J4QPTCVszWC1lWQ0eSSTYbI=
-9,-6,bgx50RgDUwdGpTeRbtUOphJFCRY=,N2wakuLS1vAYMmOjMyXB+UKNY7c=
-6,-8,srkSFjHV6CBNEguFn0xLExCBu5Y=,szL3J4QPTCVszWC1lWQ0eSSTYbI=
-8,-7,bgx50RgDUwdGpTeRbtUOphJFCRY=,/e7UYDOz/CWhAf+IUU1oMny+8bA=
-8,-6,bgx50RgDUwdGpTeRbtUOphJFCRY=,DpM9yj9K/EYBdiSdLwaY4F5WNq0=
-6,-9,x4SAfI7cidF68sAgxrsfqzLYoHM=,G8BdgmQ17YzRAA+w4r6r8kEF6ZA=
-7,-8,x4SAfI7cidF68sAgxrsfqzLYoHM=,/e7UYDOz/CWhAf+IUU1oMny+8bA=
-8,-8,bgx50RgDUwdGpTeRbtUOphJFCRY=,/e7UYDOz/CWhAf+IUU1oMny+8bA=
-7,-9,x4SAfI7cidF68sAgxrsfqzLYoHM=,jD7UpJ4EKdOsh9NGE/ZIEuxZRYU=
-8,-9,bgx50RgDUwdGpTeRbtUOphJFCRY=,jD7UpJ4EKdOsh9NGE/ZIEuxZRYU=
-9,-7,bgx50RgDUwdGpTeRbtUOphJFCRY=,F+aKTyPlOi+O4othyjIvVpGZSZg=
-9,-9,bgx50RgDUwdGpTeRbtUOphJFCRY=,HC0Kfsieu+4QIV2n94gdelD+5Yk=
-9,-8,bgx50RgDUwdGpTeRbtUOphJFCRY=,F+aKTyPlOi+O4othyjIvVpGZSZg=
-6,-7,x4SAfI7cidF68sAgxrsfqzLYoHM=,szL3J4QPTCVszWC1lWQ0eSSTYbI=
-7,-7,x4SAfI7cidF68sAgxrsfqzLYoHM=,/e7UYDOz/CWhAf+IUU1oMny+8bA=
-6,-6,x4SAfI7cidF68sAgxrsfqzLYoHM=,+ttKeIv+jnBM+4vJo77a2WeAvZ0=
-7,-6,x4SAfI7cidF68sAgxrsfqzLYoHM=,DpM9yj9K/EYBdiSdLwaY4F5WNq0=
-4,-6,hgqzTc8f2emvY6XjZBmtB+2qOYU=,nrpM7Z6UpBPO+7Bwiifn4Oyuoqk=
-5,-6,x4SAfI7cidF68sAgxrsfqzLYoHM=,+ttKeIv+jnBM+4vJo77a2WeAvZ0=
-5,-7,hgqzTc8f2emvY6XjZBmtB+2qOYU=,szL3J4QPTCVszWC1lWQ0eSSTYbI=
-4,-7,hgqzTc8f2emvY6XjZBmtB+2qOYU=,XP7Y8yV3rcIwHMqE8zTGRjPDtcE=
-6,-4,hgqzTc8f2emvY6XjZBmtB+2qOYU=,sqr2u0/dGMa3B5+AGwFMcPPUh5E=
-6,-5,x4SAfI7cidF68sAgxrsfqzLYoHM=,+ttKeIv+jnBM+4vJo77a2WeAvZ0=
-7,-4,hgqzTc8f2emvY6XjZBmtB+2qOYU=,T/HmEAyw0G37R2SI0iB1hubW+Dw=
-4,-5,hgqzTc8f2emvY6XjZBmtB+2qOYU=,nrpM7Z6UpBPO+7Bwiifn4Oyuoqk=
-5,-5,hgqzTc8f2emvY6XjZBmtB+2qOYU=,+ttKeIv+jnBM+4vJo77a2WeAvZ0=
-4,-4,hgqzTc8f2emvY6XjZBmtB+2qOYU=,gb8ocSgxt1j7BR38gjXp/lVtSfs=
-5,-4,hgqzTc8f2emvY6XjZBmtB+2qOYU=,sqr2u0/dGMa3B5+AGwFMcPPUh5E=
-7,-5,hgqzTc8f2emvY6XjZBmtB+2qOYU=,DpM9yj9K/EYBdiSdLwaY4F5WNq0=
-3,-4,3vfLNSWPJpuGWuEwepVhYxmcK3c=,gb8ocSgxt1j7BR38gjXp/lVtSfs=
-2,-4,3vfLNSWPJpuGWuEwepVhYxmcK3c=,UQCYTkEJRIlZ5c8X+VYWPsBGzBA=
-3,-5,3vfLNSWPJpuGWuEwepVhYxmcK3c=,nrpM7Z6UpBPO+7Bwiifn4Oyuoqk=
-2,-5,3vfLNSWPJpuGWuEwepVhYxmcK3c=,l1aRneuiA8rdiB7+JbEVV/1Kt3E=
-5,-2,dBuGHd5SLxb6Es/VMp0JiOOHn64=,hnSdvdYe8Vx30Ehg8CAViOyhz/0=
-4,-2,dBuGHd5SLxb6Es/VMp0JiOOHn64=,5BiMqP1POAGs79Ona7ItvHyVnUk=
-5,-3,dBuGHd5SLxb6Es/VMp0JiOOHn64=,sqr2u0/dGMa3B5+AGwFMcPPUh5E=
-4,-3,dBuGHd5SLxb6Es/VMp0JiOOHn64=,gb8ocSgxt1j7BR38gjXp/lVtSfs=
-3,-3,dBuGHd5SLxb6Es/VMp0JiOOHn64=,gb8ocSgxt1j7BR38gjXp/lVtSfs=
-2,-3,dBuGHd5SLxb6Es/VMp0JiOOHn64=,UQCYTkEJRIlZ5c8X+VYWPsBGzBA=
-3,-2,dBuGHd5SLxb6Es/VMp0JiOOHn64=,5BiMqP1POAGs79Ona7ItvHyVnUk=
-2,-2,dBuGHd5SLxb6Es/VMp0JiOOHn64=,ad1Ssm5KCFK0EMXcrcC3/RsXhlg=
-4,-1,F64BKvWYLp9VEq+VQLPvy41MFvU=,5BiMqP1POAGs79Ona7ItvHyVnUk=
-6,-3,VNz9nFL17Qe6mIZq9dMXIKXrKEg=,sqr2u0/dGMa3B5+AGwFMcPPUh5E=
-5,-1,F64BKvWYLp9VEq+VQLPvy41MFvU=,hnSdvdYe8Vx30Ehg8CAViOyhz/0=
-6,-2,VNz9nFL17Qe6mIZq9dMXIKXrKEg=,hnSdvdYe8Vx30Ehg8CAViOyhz/0=
-7,-3,xF4xzS3jNfVp9TFIBbGVkDwBsZU=,T/HmEAyw0G37R2SI0iB1hubW+Dw=
-7,-1,F64BKvWYLp9VEq+VQLPvy41MFvU=,pAnz4APbhWL5CD4I4UzCBk1e1yc=
-7,-2,VNz9nFL17Qe6mIZq9dMXIKXrKEg=,pAnz4APbhWL5CD4I4UzCBk1e1yc=
-6,-1,F64BKvWYLp9VEq+VQLPvy41MFvU=,hnSdvdYe8Vx30Ehg8CAViOyhz/0=
-9,-3,h6BEATZ53K9Hriz74yrB8RV8Zu8=,iY8+RzwgkHmDrCRtBPaf6Nbwywg=
-8,-3,h6BEATZ53K9Hriz74yrB8RV8Zu8=,T/HmEAyw0G37R2SI0iB1hubW+Dw=
-8,-2,h6BEATZ53K9Hriz74yrB8RV8Zu8=,pAnz4APbhWL5CD4I4UzCBk1e1yc=
-9,-2,h6BEATZ53K9Hriz74yrB8RV8Zu8=,OezYJNCz3ubnVlFWUddW1LxC04A=
-8,-1,F64BKvWYLp9VEq+VQLPvy41MFvU=,pAnz4APbhWL5CD4I4UzCBk1e1yc=
-9,-1,F64BKvWYLp9VEq+VQLPvy41MFvU=,OezYJNCz3ubnVlFWUddW1LxC04A=
-11,-1,EJiNYoZK7iyr3VXtmDl3STkhBAE=,Sgc5X+SYegN3Hjz2boI1hHj03CM=
-10,-1,EJiNYoZK7iyr3VXtmDl3STkhBAE=,OezYJNCz3ubnVlFWUddW1LxC04A=
-12,-1,EJiNYoZK7iyr3VXtmDl3STkhBAE=,Sgc5X+SYegN3Hjz2boI1hHj03CM=
-15,-1,6zLTBCN+HnU4XW86HXXzikVIlnE=,a83thJfOLbGrOpPax+SibC9FNkg=
-14,-1,6zLTBCN+HnU4XW86HXXzikVIlnE=,1y1A8wdQkieMq7esKedH0aphc8w=
-13,-1,EJiNYoZK7iyr3VXtmDl3STkhBAE=,1y1A8wdQkieMq7esKedH0aphc8w=
-16,-5,0VKvGmm1+CHDxJpw3AOkCtQIipM=,gaELyDeGJTyYbtAcv0qDEdLk/iE=
-16,-1,x4SAfI7cidF68sAgxrsfqzLYoHM=,a83thJfOLbGrOpPax+SibC9FNkg=
-16,-2,6zLTBCN+HnU4XW86HXXzikVIlnE=,a83thJfOLbGrOpPax+SibC9FNkg=
-16,-4,0VKvGmm1+CHDxJpw3AOkCtQIipM=,zcaJEAER/+zwKuOfQAzo9TEkrDs=
-16,-3,6zLTBCN+HnU4XW86HXXzikVIlnE=,zcaJEAER/+zwKuOfQAzo9TEkrDs=
-5,-14,i5dwpNRQ3ySfy6dvSl+AdVy7ZH0=,ydjxJnQpr8sHnwqqwv782N9LTcQ=
-4,-15,i5dwpNRQ3ySfy6dvSl+AdVy7ZH0=,KySrFKtg9J3/Nu1+d+4HZwIYagU=
-5,-15,i5dwpNRQ3ySfy6dvSl+AdVy7ZH0=,Yg/Zk1hWFMKiRDxNOhlhhpgzpfM=
-4,-14,i5dwpNRQ3ySfy6dvSl+AdVy7ZH0=,VpxR35zWVInHmbFQkTeuzX7ZTwM=
-2,-14,uUbgrlbCCwYWSqT2RG6OMzzbvUg=,f3g3kDaJlR3BvoK8IHBNc2xJaqI=
-2,-15,uUbgrlbCCwYWSqT2RG6OMzzbvUg=,Rp0fQWxJbXJHnRzXFap+vlmy1HQ=
-3,-14,uUbgrlbCCwYWSqT2RG6OMzzbvUg=,VpxR35zWVInHmbFQkTeuzX7ZTwM=
-3,-15,uUbgrlbCCwYWSqT2RG6OMzzbvUg=,KySrFKtg9J3/Nu1+d+4HZwIYagU=
-5,-10,x4SAfI7cidF68sAgxrsfqzLYoHM=,G8BdgmQ17YzRAA+w4r6r8kEF6ZA=
-5,-11,hgqzTc8f2emvY6XjZBmtB+2qOYU=,5/3i0tWhXuN/fBDLpfNliEP9zr8=
-5,-13,jxVCokkNqJTRwNYI/LFRoNtTZ1s=,ydjxJnQpr8sHnwqqwv782N9LTcQ=
-4,-10,x4SAfI7cidF68sAgxrsfqzLYoHM=,hyj/lny+jJbQzTLNyfE6PooC3dI=
-4,-11,srkSFjHV6CBNEguFn0xLExCBu5Y=,Rm4YzfFN66Rft1yNooh09WjHRTs=
-5,-12,jxVCokkNqJTRwNYI/LFRoNtTZ1s=,5/3i0tWhXuN/fBDLpfNliEP9zr8=
-3,-12,CZnY7QF1jgOE6/8IsacXLfdqUCw=,Rm4YzfFN66Rft1yNooh09WjHRTs=
-2,-13,CZnY7QF1jgOE6/8IsacXLfdqUCw=,f3g3kDaJlR3BvoK8IHBNc2xJaqI=
-4,-13,jxVCokkNqJTRwNYI/LFRoNtTZ1s=,VpxR35zWVInHmbFQkTeuzX7ZTwM=
-4,-12,jxVCokkNqJTRwNYI/LFRoNtTZ1s=,Rm4YzfFN66Rft1yNooh09WjHRTs=
-2,-12,CZnY7QF1jgOE6/8IsacXLfdqUCw=,QjhkAEdjF1IJRk+OOt4q1VraZdM=
-3,-13,CZnY7QF1jgOE6/8IsacXLfdqUCw=,VpxR35zWVInHmbFQkTeuzX7ZTwM=
-3,-6,2hgCW9Mm89pD13NVPXfbHHIvEXc=,nrpM7Z6UpBPO+7Bwiifn4Oyuoqk=
-2,-6,2hgCW9Mm89pD13NVPXfbHHIvEXc=,l1aRneuiA8rdiB7+JbEVV/1Kt3E=
-3,-11,h6G+X0WZAkVDpoHmUNMFukhDilk=,Rm4YzfFN66Rft1yNooh09WjHRTs=
-2,-11,CZnY7QF1jgOE6/8IsacXLfdqUCw=,QjhkAEdjF1IJRk+OOt4q1VraZdM=
-3,-9,2hgCW9Mm89pD13NVPXfbHHIvEXc=,hyj/lny+jJbQzTLNyfE6PooC3dI=
-3,-7,2hgCW9Mm89pD13NVPXfbHHIvEXc=,XP7Y8yV3rcIwHMqE8zTGRjPDtcE=
-3,-10,h6G+X0WZAkVDpoHmUNMFukhDilk=,hyj/lny+jJbQzTLNyfE6PooC3dI=
-2,-10,CZnY7QF1jgOE6/8IsacXLfdqUCw=,lZGKah6YV4L8D6v9J6241DAHB58=
-2,-7,2hgCW9Mm89pD13NVPXfbHHIvEXc=,kTDEtuY/XybEn20aD6QpEZaFs5M=
-2,-8,2hgCW9Mm89pD13NVPXfbHHIvEXc=,kTDEtuY/XybEn20aD6QpEZaFs5M=
-3,-8,2hgCW9Mm89pD13NVPXfbHHIvEXc=,XP7Y8yV3rcIwHMqE8zTGRjPDtcE=
-2,-9,2hgCW9Mm89pD13NVPXfbHHIvEXc=,lZGKah6YV4L8D6v9J6241DAHB58=
-1,-8,uUbgrlbCCwYWSqT2RG6OMzzbvUg=,kTDEtuY/XybEn20aD6QpEZaFs5M=
-1,-7,Oah524LEG4rMyEQD2rfh476iiCo=,kTDEtuY/XybEn20aD6QpEZaFs5M=
-1,-9,uUbgrlbCCwYWSqT2RG6OMzzbvUg=,lZGKah6YV4L8D6v9J6241DAHB58=
-1,-10,uUbgrlbCCwYWSqT2RG6OMzzbvUg=,lZGKah6YV4L8D6v9J6241DAHB58=
-1,-6,Oah524LEG4rMyEQD2rfh476iiCo=,l1aRneuiA8rdiB7+JbEVV/1Kt3E=
-1,-11,uUbgrlbCCwYWSqT2RG6OMzzbvUg=,QjhkAEdjF1IJRk+OOt4q1VraZdM=
-1,-3,dBuGHd5SLxb6Es/VMp0JiOOHn64=,UQCYTkEJRIlZ5c8X+VYWPsBGzBA=
-1,-2,dBuGHd5SLxb6Es/VMp0JiOOHn64=,ad1Ssm5KCFK0EMXcrcC3/RsXhlg=
-1,-5,IFKHOYMkVoMvMU6i18hwFJcY8uY=,l1aRneuiA8rdiB7+JbEVV/1Kt3E=
-1,-4,Oah524LEG4rMyEQD2rfh476iiCo=,UQCYTkEJRIlZ5c8X+VYWPsBGzBA=
-1,-12,uUbgrlbCCwYWSqT2RG6OMzzbvUg=,QjhkAEdjF1IJRk+OOt4q1VraZdM=
-1,-13,uUbgrlbCCwYWSqT2RG6OMzzbvUg=,f3g3kDaJlR3BvoK8IHBNc2xJaqI=
-1,-14,uUbgrlbCCwYWSqT2RG6OMzzbvUg=,f3g3kDaJlR3BvoK8IHBNc2xJaqI=
-1,-15,uUbgrlbCCwYWSqT2RG6OMzzbvUg=,Rp0fQWxJbXJHnRzXFap+vlmy1HQ=
-3,-16,uUbgrlbCCwYWSqT2RG6OMzzbvUg=,KySrFKtg9J3/Nu1+d+4HZwIYagU=
-2,-16,Oah524LEG4rMyEQD2rfh476iiCo=,Rp0fQWxJbXJHnRzXFap+vlmy1HQ=
-1,-16,hgqzTc8f2emvY6XjZBmtB+2qOYU=,Rp0fQWxJbXJHnRzXFap+vlmy1HQ=
-4,-16,s+13A8PbpozzSut4Kj+19CWnbYo=,KySrFKtg9J3/Nu1+d+4HZwIYagU=
-5,-16,s+13A8PbpozzSut4Kj+19CWnbYo=,Yg/Zk1hWFMKiRDxNOhlhhpgzpfM=
-15,-16,R9zEupFDVr4EGeF4x9BVGFJVqoE=,Bg2tZpHmaHfVYrpkAywb+LtlQA0=
-16,-15,R9zEupFDVr4EGeF4x9BVGFJVqoE=,Bg2tZpHmaHfVYrpkAywb+LtlQA0=
-6,-14,02CaZNbDyAd5osh8KuAmhPBJBT0=,ydjxJnQpr8sHnwqqwv782N9LTcQ=
-14,-16,R9zEupFDVr4EGeF4x9BVGFJVqoE=,0t6AXl8bfNqMZj9pQ6Nb5iij0pk=
-8,-14,91n34R9WCmRzcVoTXFr6KHxmk30=,yCtgz6AbE6giG3i/CANTZoVCDNI=
-16,-14,bVp215KihXzFvzpuLHpOSEZqdtk=,5eJvCk7SFynwSqO98EVbobwXq2s=
-16,-16,hgqzTc8f2emvY6XjZBmtB+2qOYU=,Bg2tZpHmaHfVYrpkAywb+LtlQA0=
-9,-14,91n34R9WCmRzcVoTXFr6KHxmk30=,8PrJWAnc64nJpGyU1m8vLQ++R7A=
-12,-16,BQgc2h9VCqB7V1jWkdg1LzvWmb4=,xNDSFXhq+/k+j6Tt2A9qlz4E1Zg=
-10,-16,fDNGtv2Gg9Mar9G2atrRgQ0MM/w=,94JQv6ZSPeqK19Wc3J6+JhdHG5M=
-7,-14,E7JqhcB6yQKFUmi5se94uqyAWyQ=,yCtgz6AbE6giG3i/CANTZoVCDNI=
-13,-16,BQgc2h9VCqB7V1jWkdg1LzvWmb4=,0t6AXl8bfNqMZj9pQ6Nb5iij0pk=
-11,-16,fDNGtv2Gg9Mar9G2atrRgQ0MM/w=,xNDSFXhq+/k+j6Tt2A9qlz4E1Zg=
-9,-15,91n34R9WCmRzcVoTXFr6KHxmk30=,94JQv6ZSPeqK19Wc3J6+JhdHG5M=
-9,-16,fDNGtv2Gg9Mar9G2atrRgQ0MM/w=,94JQv6ZSPeqK19Wc3J6+JhdHG5M=
-8,-16,fDNGtv2Gg9Mar9G2atrRgQ0MM/w=,VfNv1n7g9LRCo5ApFx7h8pHTVKY=
-7,-15,E7JqhcB6yQKFUmi5se94uqyAWyQ=,VfNv1n7g9LRCo5ApFx7h8pHTVKY=
-7,-16,fDNGtv2Gg9Mar9G2atrRgQ0MM/w=,VfNv1n7g9LRCo5ApFx7h8pHTVKY=
-6,-16,fDNGtv2Gg9Mar9G2atrRgQ0MM/w=,Yg/Zk1hWFMKiRDxNOhlhhpgzpfM=
-6,-15,E7JqhcB6yQKFUmi5se94uqyAWyQ=,Yg/Zk1hWFMKiRDxNOhlhhpgzpfM=
-8,-15,E7JqhcB6yQKFUmi5se94uqyAWyQ=,VfNv1n7g9LRCo5ApFx7h8pHTVKY=
-1,-1,hgqzTc8f2emvY6XjZBmtB+2qOYU=,ad1Ssm5KCFK0EMXcrcC3/RsXhlg=
-2,-1,dBuGHd5SLxb6Es/VMp0JiOOHn64=,ad1Ssm5KCFK0EMXcrcC3/RsXhlg=
-3,-1,dBuGHd5SLxb6Es/VMp0JiOOHn64=,5BiMqP1POAGs79Ona7ItvHyVnUk=
-11,-19,agdHERbrORurWHe4bny0aWsnMTw=,ZLYx47/Iyi1Jm8rVX3Q/n84tyEU=
-10,-19,agdHERbrORurWHe4bny0aWsnMTw=,D2eRu823N1BpNbPcQLkG8SdbVas=
-11,-18,agdHERbrORurWHe4bny0aWsnMTw=,5D9s62CoRDce61eY+KjpVi8zv4c=
-10,-18,agdHERbrORurWHe4bny0aWsnMTw=,GBm2t4eSozdkDPFhnlgoX1BoUwA=
-9,-19,8v3QX9Su0cKqJ+YJggz5D2Ddfbs=,D2eRu823N1BpNbPcQLkG8SdbVas=
-8,-18,plLEc40DXY0P52ilgpdb0UdLnH4=,UuC8ZHMgjzxWVby/dp/GYa72fwk=
-9,-18,plLEc40DXY0P52ilgpdb0UdLnH4=,GBm2t4eSozdkDPFhnlgoX1BoUwA=
-8,-19,plLEc40DXY0P52ilgpdb0UdLnH4=,0lDf5w3b1ygv3KUQS72cK7BbHSk=
-6,-21,uegRiGgYJCoQWufksGQjGtmR0Sg=,xlxzvGp91li0WRpNlItgHrFOV2g=
-7,-21,uegRiGgYJCoQWufksGQjGtmR0Sg=,2gPvhuaaOpApg9I3vlY/DOVlSY8=
-7,-20,uegRiGgYJCoQWufksGQjGtmR0Sg=,0lDf5w3b1ygv3KUQS72cK7BbHSk=
-6,-20,uegRiGgYJCoQWufksGQjGtmR0Sg=,Q2EPmLgXIbZKCB70MlPrzcwrjGo=
-6,-19,ZmThKZNfvIMU8v4cRUEUfZ1FoAE=,Q2EPmLgXIbZKCB70MlPrzcwrjGo=
-7,-18,ZmThKZNfvIMU8v4cRUEUfZ1FoAE=,UuC8ZHMgjzxWVby/dp/GYa72fwk=
-6,-18,ZmThKZNfvIMU8v4cRUEUfZ1FoAE=,MpDKhjWIUbVouF8/QZNtqMXEBt4=
-7,-19,ZmThKZNfvIMU8v4cRUEUfZ1FoAE=,0lDf5w3b1ygv3KUQS72cK7BbHSk=
-5,-19,dI1T+mzJsb11d1+aIicgj9dG99Y=,Q2EPmLgXIbZKCB70MlPrzcwrjGo=
-4,-19,dI1T+mzJsb11d1+aIicgj9dG99Y=,UzQtaxMtsfpj3V32PoEB+Zkl6UU=
-4,-18,dI1T+mzJsb11d1+aIicgj9dG99Y=,Q3GoDahWneJiUI9+e45LzxeH/sI=
-5,-21,uegRiGgYJCoQWufksGQjGtmR0Sg=,xlxzvGp91li0WRpNlItgHrFOV2g=
-5,-18,dI1T+mzJsb11d1+aIicgj9dG99Y=,MpDKhjWIUbVouF8/QZNtqMXEBt4=
-4,-21,uegRiGgYJCoQWufksGQjGtmR0Sg=,ulRMahIi+K2AwsT/psc8kPGZKoQ=
-5,-20,uegRiGgYJCoQWufksGQjGtmR0Sg=,Q2EPmLgXIbZKCB70MlPrzcwrjGo=
-4,-20,uegRiGgYJCoQWufksGQjGtmR0Sg=,UzQtaxMtsfpj3V32PoEB+Zkl6UU=
-2,-19,aop+AmI5MUQY4kaRWnM4BPCT5Jg=,sAPYEaAIXev3alWJgm7RBIiefio=
-3,-19,aop+AmI5MUQY4kaRWnM4BPCT5Jg=,UzQtaxMtsfpj3V32PoEB+Zkl6UU=
-3,-18,aop+AmI5MUQY4kaRWnM4BPCT5Jg=,Q3GoDahWneJiUI9+e45LzxeH/sI=
-2,-18,aop+AmI5MUQY4kaRWnM4BPCT5Jg=,4lbbkyfVMup3KRTfr38j+mZYlOM=
-3,-21,jSJfWsw63Q633V1OUfGMaKw4EWg=,ulRMahIi+K2AwsT/psc8kPGZKoQ=
-2,-20,jSJfWsw63Q633V1OUfGMaKw4EWg=,sAPYEaAIXev3alWJgm7RBIiefio=
-3,-20,jSJfWsw63Q633V1OUfGMaKw4EWg=,UzQtaxMtsfpj3V32PoEB+Zkl6UU=
-1,-20,aop+AmI5MUQY4kaRWnM4BPCT5Jg=,sAPYEaAIXev3alWJgm7RBIiefio=
-2,-21,jSJfWsw63Q633V1OUfGMaKw4EWg=,Wrihh40RVcuM+QfY9zhlzztyOS4=
-1,-21,aop+AmI5MUQY4kaRWnM4BPCT5Jg=,Wrihh40RVcuM+QfY9zhlzztyOS4=
-1,-19,aop+AmI5MUQY4kaRWnM4BPCT5Jg=,sAPYEaAIXev3alWJgm7RBIiefio=
-1,-18,aop+AmI5MUQY4kaRWnM4BPCT5Jg=,4lbbkyfVMup3KRTfr38j+mZYlOM=
-2,-17,aop+AmI5MUQY4kaRWnM4BPCT5Jg=,4lbbkyfVMup3KRTfr38j+mZYlOM=
-4,-17,WmcwhiW23PTGV7FVoTvHqwWQvWc=,Q3GoDahWneJiUI9+e45LzxeH/sI=
-3,-17,aop+AmI5MUQY4kaRWnM4BPCT5Jg=,Q3GoDahWneJiUI9+e45LzxeH/sI=
-5,-17,WmcwhiW23PTGV7FVoTvHqwWQvWc=,MpDKhjWIUbVouF8/QZNtqMXEBt4=
-6,-17,WmcwhiW23PTGV7FVoTvHqwWQvWc=,MpDKhjWIUbVouF8/QZNtqMXEBt4=
-8,-17,uegRiGgYJCoQWufksGQjGtmR0Sg=,UuC8ZHMgjzxWVby/dp/GYa72fwk=
-7,-17,WmcwhiW23PTGV7FVoTvHqwWQvWc=,UuC8ZHMgjzxWVby/dp/GYa72fwk=
-9,-21,uegRiGgYJCoQWufksGQjGtmR0Sg=,ZiOB90KyBAExkxthZ4UlOAaGlaE=
-8,-21,uegRiGgYJCoQWufksGQjGtmR0Sg=,2gPvhuaaOpApg9I3vlY/DOVlSY8=
-8,-20,uegRiGgYJCoQWufksGQjGtmR0Sg=,0lDf5w3b1ygv3KUQS72cK7BbHSk=
-9,-20,uegRiGgYJCoQWufksGQjGtmR0Sg=,D2eRu823N1BpNbPcQLkG8SdbVas=
-10,-21,uegRiGgYJCoQWufksGQjGtmR0Sg=,ZiOB90KyBAExkxthZ4UlOAaGlaE=
-11,-20,uegRiGgYJCoQWufksGQjGtmR0Sg=,ZLYx47/Iyi1Jm8rVX3Q/n84tyEU=
-10,-20,uegRiGgYJCoQWufksGQjGtmR0Sg=,D2eRu823N1BpNbPcQLkG8SdbVas=
-12,-20,uegRiGgYJCoQWufksGQjGtmR0Sg=,ZLYx47/Iyi1Jm8rVX3Q/n84tyEU=
-13,-20,uegRiGgYJCoQWufksGQjGtmR0Sg=,uUW0cFP13gMYvbCu8mVvHjxHzGY=
-6,-22,uegRiGgYJCoQWufksGQjGtmR0Sg=,xlxzvGp91li0WRpNlItgHrFOV2g=
-9,-17,uegRiGgYJCoQWufksGQjGtmR0Sg=,GBm2t4eSozdkDPFhnlgoX1BoUwA=
-7,-22,uegRiGgYJCoQWufksGQjGtmR0Sg=,2gPvhuaaOpApg9I3vlY/DOVlSY8=
-8,-22,uegRiGgYJCoQWufksGQjGtmR0Sg=,2gPvhuaaOpApg9I3vlY/DOVlSY8=
-9,-22,uegRiGgYJCoQWufksGQjGtmR0Sg=,ZiOB90KyBAExkxthZ4UlOAaGlaE=
-1,-22,uegRiGgYJCoQWufksGQjGtmR0Sg=,Wrihh40RVcuM+QfY9zhlzztyOS4=
-12,-19,agdHERbrORurWHe4bny0aWsnMTw=,ZLYx47/Iyi1Jm8rVX3Q/n84tyEU=
-14,-17,uegRiGgYJCoQWufksGQjGtmR0Sg=,H/DUwUlHQs+xqdPU4s1NeFcJt2c=
-2,-22,uegRiGgYJCoQWufksGQjGtmR0Sg=,Wrihh40RVcuM+QfY9zhlzztyOS4=
-4,-22,uegRiGgYJCoQWufksGQjGtmR0Sg=,ulRMahIi+K2AwsT/psc8kPGZKoQ=
-3,-22,uegRiGgYJCoQWufksGQjGtmR0Sg=,ulRMahIi+K2AwsT/psc8kPGZKoQ=
-5,-22,uegRiGgYJCoQWufksGQjGtmR0Sg=,xlxzvGp91li0WRpNlItgHrFOV2g=
-16,-17,uegRiGgYJCoQWufksGQjGtmR0Sg=,exIzoBGc2irsR5idMw7ht6Bs6Q8=
-13,-18,agdHERbrORurWHe4bny0aWsnMTw=,H/DUwUlHQs+xqdPU4s1NeFcJt2c=
-15,-18,uegRiGgYJCoQWufksGQjGtmR0Sg=,exIzoBGc2irsR5idMw7ht6Bs6Q8=
-14,-18,uegRiGgYJCoQWufksGQjGtmR0Sg=,H/DUwUlHQs+xqdPU4s1NeFcJt2c=
-13,-19,agdHERbrORurWHe4bny0aWsnMTw=,uUW0cFP13gMYvbCu8mVvHjxHzGY=
-15,-17,uegRiGgYJCoQWufksGQjGtmR0Sg=,exIzoBGc2irsR5idMw7ht6Bs6Q8=
-14,-19,uegRiGgYJCoQWufksGQjGtmR0Sg=,uUW0cFP13gMYvbCu8mVvHjxHzGY=
-12,-18,agdHERbrORurWHe4bny0aWsnMTw=,5D9s62CoRDce61eY+KjpVi8zv4c=
-13,-17,uegRiGgYJCoQWufksGQjGtmR0Sg=,H/DUwUlHQs+xqdPU4s1NeFcJt2c=
-10,-17,WmcwhiW23PTGV7FVoTvHqwWQvWc=,GBm2t4eSozdkDPFhnlgoX1BoUwA=
-1,-17,aop+AmI5MUQY4kaRWnM4BPCT5Jg=,4lbbkyfVMup3KRTfr38j+mZYlOM=
-11,-17,WmcwhiW23PTGV7FVoTvHqwWQvWc=,5D9s62CoRDce61eY+KjpVi8zv4c=
-12,-17,uegRiGgYJCoQWufksGQjGtmR0Sg=,5D9s62CoRDce61eY+KjpVi8zv4c=
-21,-5,GmJRaotKlx8MHuQxC6YB9x83sX4=,ppE3pp3A3tZ205yZ5NrQni6yeh4=
-21,-4,GmJRaotKlx8MHuQxC6YB9x83sX4=,JVApBi0fwmAlkAZzX8Ppx68SH5E=
-21,-7,GmJRaotKlx8MHuQxC6YB9x83sX4=,IrJPFbn1Tt88SwQLpo8raFn1Pdw=
-21,-6,GmJRaotKlx8MHuQxC6YB9x83sX4=,ppE3pp3A3tZ205yZ5NrQni6yeh4=
-20,-7,GmJRaotKlx8MHuQxC6YB9x83sX4=,7zXYg2IsM+ceBVa7zrKB6flHZTg=
-20,-5,GmJRaotKlx8MHuQxC6YB9x83sX4=,YhKoUev96BlMsu9jZdwDs8lCNIY=
-20,-4,GmJRaotKlx8MHuQxC6YB9x83sX4=,bWhAB6DaeTXRKqUXd16CaX0uqys=
-20,-6,GmJRaotKlx8MHuQxC6YB9x83sX4=,YhKoUev96BlMsu9jZdwDs8lCNIY=
-20,-9,AA/tKjnE5TAAI8LbMVo+JrEa3qs=,jEEUP28RDETtODPZ6kPaRN5SuKY=
-21,-9,AA/tKjnE5TAAI8LbMVo+JrEa3qs=,jZSLT8+FnOXWdkZ6FLmghyC4cg4=
-20,-8,AA/tKjnE5TAAI8LbMVo+JrEa3qs=,7zXYg2IsM+ceBVa7zrKB6flHZTg=
-21,-8,AA/tKjnE5TAAI8LbMVo+JrEa3qs=,IrJPFbn1Tt88SwQLpo8raFn1Pdw=
-19,-13,iOMGnfD2QH8x2inO4PDJ6JWL8f4=,R310QFTjWkVZXJ7TVzZ6HpWfb/I=
-19,-10,iOMGnfD2QH8x2inO4PDJ6JWL8f4=,jEEUP28RDETtODPZ6kPaRN5SuKY=
-18,-9,iOMGnfD2QH8x2inO4PDJ6JWL8f4=,+IqrEDladyMIfFZAtWIAhVwYd2I=
-19,-11,iOMGnfD2QH8x2inO4PDJ6JWL8f4=,9yTdvVrLw2UTKlewOosdnCPoyeY=
-19,-12,iOMGnfD2QH8x2inO4PDJ6JWL8f4=,9yTdvVrLw2UTKlewOosdnCPoyeY=
-18,-13,iOMGnfD2QH8x2inO4PDJ6JWL8f4=,V0c8aoGPYr50a2ntYnECoJLF1Bk=
-18,-12,iOMGnfD2QH8x2inO4PDJ6JWL8f4=,nis2lWLg0sX3d6+0YwMP/65gSEQ=
-19,-9,iOMGnfD2QH8x2inO4PDJ6JWL8f4=,jEEUP28RDETtODPZ6kPaRN5SuKY=
-18,-8,iOMGnfD2QH8x2inO4PDJ6JWL8f4=,aeCedJ0PCaW5iiliJxYTDN9SVi0=
-18,-10,iOMGnfD2QH8x2inO4PDJ6JWL8f4=,+IqrEDladyMIfFZAtWIAhVwYd2I=
-18,-11,iOMGnfD2QH8x2inO4PDJ6JWL8f4=,nis2lWLg0sX3d6+0YwMP/65gSEQ=
-19,-8,iOMGnfD2QH8x2inO4PDJ6JWL8f4=,7zXYg2IsM+ceBVa7zrKB6flHZTg=
-18,-7,AA/tKjnE5TAAI8LbMVo+JrEa3qs=,aeCedJ0PCaW5iiliJxYTDN9SVi0=
-19,-6,AA/tKjnE5TAAI8LbMVo+JrEa3qs=,YhKoUev96BlMsu9jZdwDs8lCNIY=
-18,-6,AA/tKjnE5TAAI8LbMVo+JrEa3qs=,48WThMqgzUuMgkiZqyTx7sHnztQ=
-19,-7,EyxzQtt2H+qbjnGzeyLmCm61fP8=,7zXYg2IsM+ceBVa7zrKB6flHZTg=
-19,-4,AA/tKjnE5TAAI8LbMVo+JrEa3qs=,bWhAB6DaeTXRKqUXd16CaX0uqys=
-19,-5,EyxzQtt2H+qbjnGzeyLmCm61fP8=,YhKoUev96BlMsu9jZdwDs8lCNIY=
-18,-5,EyxzQtt2H+qbjnGzeyLmCm61fP8=,48WThMqgzUuMgkiZqyTx7sHnztQ=
-18,-4,AA/tKjnE5TAAI8LbMVo+JrEa3qs=,Jvi9dYKohJkMzlMW+nXA4uR8+7g=
-17,-4,Y8fVrS4pQJGO+HNnb8EEVC/cd0g=,Jvi9dYKohJkMzlMW+nXA4uR8+7g=
-18,-3,tzh69fyX6uHetlEIr+GlG6dHdI0=,Jvi9dYKohJkMzlMW+nXA4uR8+7g=
-17,-5,Y8fVrS4pQJGO+HNnb8EEVC/cd0g=,48WThMqgzUuMgkiZqyTx7sHnztQ=
-17,-3,tzh69fyX6uHetlEIr+GlG6dHdI0=,Jvi9dYKohJkMzlMW+nXA4uR8+7g=
-22,-5,GmJRaotKlx8MHuQxC6YB9x83sX4=,ppE3pp3A3tZ205yZ5NrQni6yeh4=
-22,-4,GmJRaotKlx8MHuQxC6YB9x83sX4=,JVApBi0fwmAlkAZzX8Ppx68SH5E=
-18,-15,AA/tKjnE5TAAI8LbMVo+JrEa3qs=,Z0h5tnHxiHceL3LDMObV0YOaHAQ=
-18,-14,AA/tKjnE5TAAI8LbMVo+JrEa3qs=,V0c8aoGPYr50a2ntYnECoJLF1Bk=
-19,-14,AA/tKjnE5TAAI8LbMVo+JrEa3qs=,R310QFTjWkVZXJ7TVzZ6HpWfb/I=
-22,-7,GmJRaotKlx8MHuQxC6YB9x83sX4=,IrJPFbn1Tt88SwQLpo8raFn1Pdw=
-22,-6,GmJRaotKlx8MHuQxC6YB9x83sX4=,ppE3pp3A3tZ205yZ5NrQni6yeh4=
-22,-9,Y8fVrS4pQJGO+HNnb8EEVC/cd0g=,jZSLT8+FnOXWdkZ6FLmghyC4cg4=
-22,-8,Y8fVrS4pQJGO+HNnb8EEVC/cd0g=,IrJPFbn1Tt88SwQLpo8raFn1Pdw=
-20,-10,GmJRaotKlx8MHuQxC6YB9x83sX4=,jEEUP28RDETtODPZ6kPaRN5SuKY=
-21,-10,GmJRaotKlx8MHuQxC6YB9x83sX4=,jZSLT8+FnOXWdkZ6FLmghyC4cg4=
-20,-11,GmJRaotKlx8MHuQxC6YB9x83sX4=,9yTdvVrLw2UTKlewOosdnCPoyeY=
-20,-13,GmJRaotKlx8MHuQxC6YB9x83sX4=,R310QFTjWkVZXJ7TVzZ6HpWfb/I=
-20,-12,GmJRaotKlx8MHuQxC6YB9x83sX4=,9yTdvVrLw2UTKlewOosdnCPoyeY=
-19,-3,tzh69fyX6uHetlEIr+GlG6dHdI0=,bWhAB6DaeTXRKqUXd16CaX0uqys=
-19,-2,tzh69fyX6uHetlEIr+GlG6dHdI0=,6bRD9Ng5Nb4vWX2nUcqDM5ffGsE=
-17,-2,tzh69fyX6uHetlEIr+GlG6dHdI0=,Z2Dnlipz+H3gLIMEHNIFR4wfoak=
-18,-2,tzh69fyX6uHetlEIr+GlG6dHdI0=,Z2Dnlipz+H3gLIMEHNIFR4wfoak=
-22,-3,Y8fVrS4pQJGO+HNnb8EEVC/cd0g=,JVApBi0fwmAlkAZzX8Ppx68SH5E=
-22,-1,GmJRaotKlx8MHuQxC6YB9x83sX4=,lFUQTwEly6RmGb/Gaq5pgzRNxvw=
-18,-1,tzh69fyX6uHetlEIr+GlG6dHdI0=,Z2Dnlipz+H3gLIMEHNIFR4wfoak=
-19,-1,tzh69fyX6uHetlEIr+GlG6dHdI0=,6bRD9Ng5Nb4vWX2nUcqDM5ffGsE=
-22,-2,Y8fVrS4pQJGO+HNnb8EEVC/cd0g=,lFUQTwEly6RmGb/Gaq5pgzRNxvw=
-20,-3,0++x6kUwW8KBnuSQWo+LiJukVWQ=,bWhAB6DaeTXRKqUXd16CaX0uqys=
-17,-10,lUf5AihjOlzizeRJjYnX0DSBpcU=,+IqrEDladyMIfFZAtWIAhVwYd2I=
-21,-3,0++x6kUwW8KBnuSQWo+LiJukVWQ=,JVApBi0fwmAlkAZzX8Ppx68SH5E=
-20,-1,GmJRaotKlx8MHuQxC6YB9x83sX4=,6bRD9Ng5Nb4vWX2nUcqDM5ffGsE=
-17,-16,Y8fVrS4pQJGO+HNnb8EEVC/cd0g=,Z0h5tnHxiHceL3LDMObV0YOaHAQ=
-20,-2,0++x6kUwW8KBnuSQWo+LiJukVWQ=,6bRD9Ng5Nb4vWX2nUcqDM5ffGsE=
-21,-2,0++x6kUwW8KBnuSQWo+LiJukVWQ=,lFUQTwEly6RmGb/Gaq5pgzRNxvw=
-17,-11,lUf5AihjOlzizeRJjYnX0DSBpcU=,nis2lWLg0sX3d6+0YwMP/65gSEQ=
-21,-1,GmJRaotKlx8MHuQxC6YB9x83sX4=,lFUQTwEly6RmGb/Gaq5pgzRNxvw=
-17,-15,iOMGnfD2QH8x2inO4PDJ6JWL8f4=,Z0h5tnHxiHceL3LDMObV0YOaHAQ=
-17,-14,iOMGnfD2QH8x2inO4PDJ6JWL8f4=,V0c8aoGPYr50a2ntYnECoJLF1Bk=
-17,-1,tzh69fyX6uHetlEIr+GlG6dHdI0=,Z2Dnlipz+H3gLIMEHNIFR4wfoak=
-17,-9,Y8fVrS4pQJGO+HNnb8EEVC/cd0g=,+IqrEDladyMIfFZAtWIAhVwYd2I=
-17,-7,Y8fVrS4pQJGO+HNnb8EEVC/cd0g=,aeCedJ0PCaW5iiliJxYTDN9SVi0=
-17,-8,Y8fVrS4pQJGO+HNnb8EEVC/cd0g=,aeCedJ0PCaW5iiliJxYTDN9SVi0=
-17,-6,Y8fVrS4pQJGO+HNnb8EEVC/cd0g=,48WThMqgzUuMgkiZqyTx7sHnztQ=
-17,-13,iOMGnfD2QH8x2inO4PDJ6JWL8f4=,V0c8aoGPYr50a2ntYnECoJLF1Bk=
-17,-12,iOMGnfD2QH8x2inO4PDJ6JWL8f4=,nis2lWLg0sX3d6+0YwMP/65gSEQ=
