17,-3,hkSjkbwzoGpVR+HF/4srzBv5fzY=,+Lqkod0GHMU48uv+kjTX2+BOMLM=
18,-3,R37SZl/Vpl4I2wQd6e45NfBt0hI=,hYwl+qzSgJXXPr3O8F9sPq7tP7M=
18,-2,hkSjkbwzoGpVR+HF/4srzBv5fzY=,9zljePkM1Y5CNjKqfsPgGCerU+w=
17,-2,hkSjkbwzoGpVR+HF/4srzBv5fzY=,x3FJcllo73NJT/ZTa3fYBSnfXWc=
18,-4,ZPt/GliZQljk7Jh/2U4BgdDPVRw=,hYwl+qzSgJXXPr3O8F9sPq7tP7M=
18,-5,ZPt/GliZQljk7Jh/2U4BgdDPVRw=,WxMUgEtDK4+58Nv+q8TJz/CNz1U=
17,-4,ZPt/GliZQljk7Jh/2U4BgdDPVRw=,+Lqkod0GHMU48uv+kjTX2+BOMLM=
17,-5,ZPt/GliZQljk7Jh/2U4BgdDPVRw=,kxqLotVX8mUP4ezdaz0qgMZSrIk=
17,-7,yj744otpcmKVu9agMrUtQ1U1HIE=,fBUk+DZPT6cSkshWKbT/cAQT7zI=
17,-6,yj744otpcmKVu9agMrUtQ1U1HIE=,kxqLotVX8mUP4ezdaz0qgMZSrIk=
18,-6,yj744otpcmKVu9agMrUtQ1U1HIE=,WxMUgEtDK4+58Nv+q8TJz/CNz1U=
18,-7,yj744otpcmKVu9agMrUtQ1U1HIE=,qaWUJYy58IQC8nZj6JpOS9DfNvU=
17,-9,yj744otpcmKVu9agMrUtQ1U1HIE=,9A/pjhE+gQT1WUqguU4BCiz3frY=
18,-11,yj744otpcmKVu9agMrUtQ1U1HIE=,LBzf1Cjfq1E8RXw1zC5Xm9w+izs=
18,-9,yj744otpcmKVu9agMrUtQ1U1HIE=,3xS2x5XR/UWng5mLpEGwlnBilSE=
17,-8,yj744otpcmKVu9agMrUtQ1U1HIE=,fBUk+DZPT6cSkshWKbT/cAQT7zI=
18,-12,yj744otpcmKVu9agMrUtQ1U1HIE=,LBzf1Cjfq1E8RXw1zC5Xm9w+izs=
17,-13,yj744otpcmKVu9agMrUtQ1U1HIE=,VPAiU6N4w4k9flS8WjXtukVgGTs=
18,-10,yj744otpcmKVu9agMrUtQ1U1HIE=,3xS2x5XR/UWng5mLpEGwlnBilSE=
16,-13,9HHqvV6PkKTo+skl35e18qmqBjQ=,VPAiU6N4w4k9flS8WjXtukVgGTs=
18,-8,yj744otpcmKVu9agMrUtQ1U1HIE=,qaWUJYy58IQC8nZj6JpOS9DfNvU=
17,-10,yj744otpcmKVu9agMrUtQ1U1HIE=,9A/pjhE+gQT1WUqguU4BCiz3frY=
18,-13,yj744otpcmKVu9agMrUtQ1U1HIE=,INjEfXDWb5kE1b7hMK0DWhg17hY=
17,-12,yj744otpcmKVu9agMrUtQ1U1HIE=,ze9h5uSYnHBVjXtYge1AnOcCduE=
17,-11,yj744otpcmKVu9agMrUtQ1U1HIE=,ze9h5uSYnHBVjXtYge1AnOcCduE=
16,-12,9HHqvV6PkKTo+skl35e18qmqBjQ=,ze9h5uSYnHBVjXtYge1AnOcCduE=
16,-9,BT6fEVqfIubkJ80cAJnp/SVh2y8=,9A/pjhE+gQT1WUqguU4BCiz3frY=
16,-11,BT6fEVqfIubkJ80cAJnp/SVh2y8=,ze9h5uSYnHBVjXtYge1AnOcCduE=
16,-10,BT6fEVqfIubkJ80cAJnp/SVh2y8=,9A/pjhE+gQT1WUqguU4BCiz3frY=
16,-8,9HHqvV6PkKTo+skl35e18qmqBjQ=,fBUk+DZPT6cSkshWKbT/cAQT7zI=
16,-7,AP5SuUBuX1FWol1R0+QKcRBHZ70=,fBUk+DZPT6cSkshWKbT/cAQT7zI=
16,-6,AP5SuUBuX1FWol1R0+QKcRBHZ70=,kxqLotVX8mUP4ezdaz0qgMZSrIk=
16,-16,AP5SuUBuX1FWol1R0+QKcRBHZ70=,Iy0a74xC84yQhDxEBNM/w6Wp9+w=
16,-14,9HHqvV6PkKTo+skl35e18qmqBjQ=,VPAiU6N4w4k9flS8WjXtukVgGTs=
16,-15,9HHqvV6PkKTo+skl35e18qmqBjQ=,Iy0a74xC84yQhDxEBNM/w6Wp9+w=
16,-4,AP5SuUBuX1FWol1R0+QKcRBHZ70=,+Lqkod0GHMU48uv+kjTX2+BOMLM=
16,-5,AP5SuUBuX1FWol1R0+QKcRBHZ70=,kxqLotVX8mUP4ezdaz0qgMZSrIk=
21,-5,AP5SuUBuX1FWol1R0+QKcRBHZ70=,8ZbKfGpHx8RxtyeFnooQ+C9GV6c=
21,-2,AP5SuUBuX1FWol1R0+QKcRBHZ70=,ap95JgIKmXaoI02t6QPgnnpDlIM=
21,-4,AP5SuUBuX1FWol1R0+QKcRBHZ70=,lEI9R7oMSUD44gBa3/1roOFskrQ=
21,-3,AP5SuUBuX1FWol1R0+QKcRBHZ70=,lEI9R7oMSUD44gBa3/1roOFskrQ=
20,-5,AP5SuUBuX1FWol1R0+QKcRBHZ70=,8ZbKfGpHx8RxtyeFnooQ+C9GV6c=
20,-8,AP5SuUBuX1FWol1R0+QKcRBHZ70=,taleb3GhxeOgcwSHxprFLFcjjlg=
19,-8,AP5SuUBuX1FWol1R0+QKcRBHZ70=,qaWUJYy58IQC8nZj6JpOS9DfNvU=
19,-7,AP5SuUBuX1FWol1R0+QKcRBHZ70=,qaWUJYy58IQC8nZj6JpOS9DfNvU=
20,-3,AP5SuUBuX1FWol1R0+QKcRBHZ70=,lEI9R7oMSUD44gBa3/1roOFskrQ=
19,-2,AP5SuUBuX1FWol1R0+QKcRBHZ70=,9zljePkM1Y5CNjKqfsPgGCerU+w=
19,-9,AP5SuUBuX1FWol1R0+QKcRBHZ70=,3xS2x5XR/UWng5mLpEGwlnBilSE=
19,-6,AP5SuUBuX1FWol1R0+QKcRBHZ70=,WxMUgEtDK4+58Nv+q8TJz/CNz1U=
20,-7,AP5SuUBuX1FWol1R0+QKcRBHZ70=,taleb3GhxeOgcwSHxprFLFcjjlg=
20,-9,AP5SuUBuX1FWol1R0+QKcRBHZ70=,UC0LhNbN4UXjFH2BW106o859FBA=
20,-6,AP5SuUBuX1FWol1R0+QKcRBHZ70=,8ZbKfGpHx8RxtyeFnooQ+C9GV6c=
20,-10,AP5SuUBuX1FWol1R0+QKcRBHZ70=,UC0LhNbN4UXjFH2BW106o859FBA=
19,-10,AP5SuUBuX1FWol1R0+QKcRBHZ70=,3xS2x5XR/UWng5mLpEGwlnBilSE=
19,-3,AP5SuUBuX1FWol1R0+QKcRBHZ70=,hYwl+qzSgJXXPr3O8F9sPq7tP7M=
19,-11,AP5SuUBuX1FWol1R0+QKcRBHZ70=,LBzf1Cjfq1E8RXw1zC5Xm9w+izs=
19,-12,AP5SuUBuX1FWol1R0+QKcRBHZ70=,LBzf1Cjfq1E8RXw1zC5Xm9w+izs=
19,-13,AP5SuUBuX1FWol1R0+QKcRBHZ70=,INjEfXDWb5kE1b7hMK0DWhg17hY=
21,-8,AP5SuUBuX1FWol1R0+QKcRBHZ70=,taleb3GhxeOgcwSHxprFLFcjjlg=
21,-7,AP5SuUBuX1FWol1R0+QKcRBHZ70=,taleb3GhxeOgcwSHxprFLFcjjlg=
21,-9,AP5SuUBuX1FWol1R0+QKcRBHZ70=,UC0LhNbN4UXjFH2BW106o859FBA=
21,-6,AP5SuUBuX1FWol1R0+QKcRBHZ70=,8ZbKfGpHx8RxtyeFnooQ+C9GV6c=
17,-14,9HHqvV6PkKTo+skl35e18qmqBjQ=,VPAiU6N4w4k9flS8WjXtukVgGTs=
18,-14,9HHqvV6PkKTo+skl35e18qmqBjQ=,INjEfXDWb5kE1b7hMK0DWhg17hY=
17,-15,9HHqvV6PkKTo+skl35e18qmqBjQ=,Iy0a74xC84yQhDxEBNM/w6Wp9+w=
17,-16,BT6fEVqfIubkJ80cAJnp/SVh2y8=,Iy0a74xC84yQhDxEBNM/w6Wp9+w=
20,-4,AP5SuUBuX1FWol1R0+QKcRBHZ70=,lEI9R7oMSUD44gBa3/1roOFskrQ=
19,-5,AP5SuUBuX1FWol1R0+QKcRBHZ70=,WxMUgEtDK4+58Nv+q8TJz/CNz1U=
20,-2,AP5SuUBuX1FWol1R0+QKcRBHZ70=,ap95JgIKmXaoI02t6QPgnnpDlIM=
21,-1,AP5SuUBuX1FWol1R0+QKcRBHZ70=,ap95JgIKmXaoI02t6QPgnnpDlIM=
16,-2,AP5SuUBuX1FWol1R0+QKcRBHZ70=,x3FJcllo73NJT/ZTa3fYBSnfXWc=
19,-4,AP5SuUBuX1FWol1R0+QKcRBHZ70=,hYwl+qzSgJXXPr3O8F9sPq7tP7M=
16,-1,AP5SuUBuX1FWol1R0+QKcRBHZ70=,x3FJcllo73NJT/ZTa3fYBSnfXWc=
16,-3,AP5SuUBuX1FWol1R0+QKcRBHZ70=,+Lqkod0GHMU48uv+kjTX2+BOMLM=
17,-1,TRG/nGk7oJ0YTZAjDgSWc+LOlOM=,x3FJcllo73NJT/ZTa3fYBSnfXWc=
18,-1,TRG/nGk7oJ0YTZAjDgSWc+LOlOM=,9zljePkM1Y5CNjKqfsPgGCerU+w=
20,-1,TRG/nGk7oJ0YTZAjDgSWc+LOlOM=,ap95JgIKmXaoI02t6QPgnnpDlIM=
19,-1,TRG/nGk7oJ0YTZAjDgSWc+LOlOM=,9zljePkM1Y5CNjKqfsPgGCerU+w=
9,-19,WchQ+NLJdewr7hkhjgdNKceYA+Y=,dj3nEgCmLHxf33sWAU9wcRh45lw=
10,-19,WchQ+NLJdewr7hkhjgdNKceYA+Y=,jSBJAL1+2Hp0NoDB8FDzx5ugx7I=
10,-18,WchQ+NLJdewr7hkhjgdNKceYA+Y=,3RaSTfdUfxpXYpo++w6bcPEW0E8=
9,-18,WchQ+NLJdewr7hkhjgdNKceYA+Y=,DnpR5zwugVR35iAKvd9+Z/z9a2Q=
8,-19,WchQ+NLJdewr7hkhjgdNKceYA+Y=,dj3nEgCmLHxf33sWAU9wcRh45lw=
8,-18,WchQ+NLJdewr7hkhjgdNKceYA+Y=,DnpR5zwugVR35iAKvd9+Z/z9a2Q=
7,-18,WchQ+NLJdewr7hkhjgdNKceYA+Y=,6BG3ulZd+2uYt5QWo80hnwhbBog=
7,-19,WchQ+NLJdewr7hkhjgdNKceYA+Y=,YSk8vEz4k0a8W2f5dRSG8sXdoaQ=
5,-19,vAXcqz9l/ZwaV26s9FJZ0uDNJOs=,XC4Bua43OvT6FZScw8uZbi3sbjU=
5,-18,vAXcqz9l/ZwaV26s9FJZ0uDNJOs=,+AIT7VwHBjy/GOo9KKbNOrs/21I=
6,-18,WchQ+NLJdewr7hkhjgdNKceYA+Y=,6BG3ulZd+2uYt5QWo80hnwhbBog=
6,-19,WchQ+NLJdewr7hkhjgdNKceYA+Y=,YSk8vEz4k0a8W2f5dRSG8sXdoaQ=
4,-18,WchQ+NLJdewr7hkhjgdNKceYA+Y=,+AIT7VwHBjy/GOo9KKbNOrs/21I=
3,-18,vAXcqz9l/ZwaV26s9FJZ0uDNJOs=,VXvwnArSeA9Y0hzHbSN7AWqfQUQ=
3,-19,vAXcqz9l/ZwaV26s9FJZ0uDNJOs=,vxiBwZWDfWUkf0UU4b2TL1QT/x8=
4,-19,vAXcqz9l/ZwaV26s9FJZ0uDNJOs=,XC4Bua43OvT6FZScw8uZbi3sbjU=
1,-21,sFigF7x29WftNougTKIn6JG+j04=,Sln9uawkJ5W91HiEqjlgulokmEk=
2,-21,sFigF7x29WftNougTKIn6JG+j04=,HGxDeAWBW+zqwkZn5+VLgTSamkA=
1,-20,sFigF7x29WftNougTKIn6JG+j04=,6ubosWDgxcxQMXRTHtxGcPBAMjQ=
1,-19,PDYQz6XUxz9oLR9J0oYTXlH1Am8=,6ubosWDgxcxQMXRTHtxGcPBAMjQ=
1,-18,PDYQz6XUxz9oLR9J0oYTXlH1Am8=,epcTBhJHT85djalt2Db1RzKiu7U=
2,-18,PDYQz6XUxz9oLR9J0oYTXlH1Am8=,VXvwnArSeA9Y0hzHbSN7AWqfQUQ=
2,-19,PDYQz6XUxz9oLR9J0oYTXlH1Am8=,vxiBwZWDfWUkf0UU4b2TL1QT/x8=
2,-20,sFigF7x29WftNougTKIn6JG+j04=,vxiBwZWDfWUkf0UU4b2TL1QT/x8=
2,-17,sFigF7x29WftNougTKIn6JG+j04=,VXvwnArSeA9Y0hzHbSN7AWqfQUQ=
1,-17,sFigF7x29WftNougTKIn6JG+j04=,epcTBhJHT85djalt2Db1RzKiu7U=
4,-17,uKOZJ6Azx2+l343Q7grWyU/owik=,+AIT7VwHBjy/GOo9KKbNOrs/21I=
0,-19,sFigF7x29WftNougTKIn6JG+j04=,6ubosWDgxcxQMXRTHtxGcPBAMjQ=
3,-17,uKOZJ6Azx2+l343Q7grWyU/owik=,VXvwnArSeA9Y0hzHbSN7AWqfQUQ=
0,-18,sFigF7x29WftNougTKIn6JG+j04=,epcTBhJHT85djalt2Db1RzKiu7U=
5,-17,uKOZJ6Azx2+l343Q7grWyU/owik=,+AIT7VwHBjy/GOo9KKbNOrs/21I=
6,-17,uKOZJ6Azx2+l343Q7grWyU/owik=,6BG3ulZd+2uYt5QWo80hnwhbBog=
14,-18,Q8N+LwlGUmd6ryoNO6+0oycNqzM=,nkjDqJIIwWp3NOI5yLEmOBj3LEU=
12,-19,WchQ+NLJdewr7hkhjgdNKceYA+Y=,E4vGEmScEszoIp/KC64BWnpRjJI=
13,-19,Q8N+LwlGUmd6ryoNO6+0oycNqzM=,E4vGEmScEszoIp/KC64BWnpRjJI=
12,-18,WchQ+NLJdewr7hkhjgdNKceYA+Y=,rgyo43maUlM/ob6EYLI6HrSJl84=
13,-18,Q8N+LwlGUmd6ryoNO6+0oycNqzM=,rgyo43maUlM/ob6EYLI6HrSJl84=
11,-19,WchQ+NLJdewr7hkhjgdNKceYA+Y=,jSBJAL1+2Hp0NoDB8FDzx5ugx7I=
9,-20,8nfufWYOcPDw9DagG/WTmlywB0Q=,dj3nEgCmLHxf33sWAU9wcRh45lw=
10,-20,8nfufWYOcPDw9DagG/WTmlywB0Q=,jSBJAL1+2Hp0NoDB8FDzx5ugx7I=
9,-21,8nfufWYOcPDw9DagG/WTmlywB0Q=,RXAGJk9wj4y7aHa/k8lNtlWWxTQ=
14,-17,8nfufWYOcPDw9DagG/WTmlywB0Q=,nkjDqJIIwWp3NOI5yLEmOBj3LEU=
13,-17,8nfufWYOcPDw9DagG/WTmlywB0Q=,rgyo43maUlM/ob6EYLI6HrSJl84=
2,-22,sFigF7x29WftNougTKIn6JG+j04=,HGxDeAWBW+zqwkZn5+VLgTSamkA=
1,-22,sFigF7x29WftNougTKIn6JG+j04=,Sln9uawkJ5W91HiEqjlgulokmEk=
12,-20,8nfufWYOcPDw9DagG/WTmlywB0Q=,E4vGEmScEszoIp/KC64BWnpRjJI=
11,-20,8nfufWYOcPDw9DagG/WTmlywB0Q=,jSBJAL1+2Hp0NoDB8FDzx5ugx7I=
8,-20,8nfufWYOcPDw9DagG/WTmlywB0Q=,dj3nEgCmLHxf33sWAU9wcRh45lw=
8,-22,8nfufWYOcPDw9DagG/WTmlywB0Q=,RXAGJk9wj4y7aHa/k8lNtlWWxTQ=
7,-17,uKOZJ6Azx2+l343Q7grWyU/owik=,6BG3ulZd+2uYt5QWo80hnwhbBog=
11,-18,WchQ+NLJdewr7hkhjgdNKceYA+Y=,3RaSTfdUfxpXYpo++w6bcPEW0E8=
7,-21,8nfufWYOcPDw9DagG/WTmlywB0Q=,1qfkCPjldz5OfUju1f3bZSOcmN0=
7,-22,8nfufWYOcPDw9DagG/WTmlywB0Q=,1qfkCPjldz5OfUju1f3bZSOcmN0=
8,-21,8nfufWYOcPDw9DagG/WTmlywB0Q=,RXAGJk9wj4y7aHa/k8lNtlWWxTQ=
7,-20,8nfufWYOcPDw9DagG/WTmlywB0Q=,YSk8vEz4k0a8W2f5dRSG8sXdoaQ=
15,-17,8nfufWYOcPDw9DagG/WTmlywB0Q=,nkjDqJIIwWp3NOI5yLEmOBj3LEU=
8,-17,uKOZJ6Azx2+l343Q7grWyU/owik=,DnpR5zwugVR35iAKvd9+Z/z9a2Q=
15,-18,8nfufWYOcPDw9DagG/WTmlywB0Q=,nkjDqJIIwWp3NOI5yLEmOBj3LEU=
5,-21,CzSX3JZTi3JymjEZWXWQcc9aVp4=,0c61+MxDbCtJ3FrrqhdatASMARk=
9,-17,8nfufWYOcPDw9DagG/WTmlywB0Q=,DnpR5zwugVR35iAKvd9+Z/z9a2Q=
0,-22,sFigF7x29WftNougTKIn6JG+j04=,Sln9uawkJ5W91HiEqjlgulokmEk=
6,-20,CzSX3JZTi3JymjEZWXWQcc9aVp4=,YSk8vEz4k0a8W2f5dRSG8sXdoaQ=
0,-21,sFigF7x29WftNougTKIn6JG+j04=,Sln9uawkJ5W91HiEqjlgulokmEk=
0,-17,sFigF7x29WftNougTKIn6JG+j04=,epcTBhJHT85djalt2Db1RzKiu7U=
4,-22,8nfufWYOcPDw9DagG/WTmlywB0Q=,0c61+MxDbCtJ3FrrqhdatASMARk=
0,-20,sFigF7x29WftNougTKIn6JG+j04=,6ubosWDgxcxQMXRTHtxGcPBAMjQ=
11,-17,8nfufWYOcPDw9DagG/WTmlywB0Q=,3RaSTfdUfxpXYpo++w6bcPEW0E8=
10,-17,8nfufWYOcPDw9DagG/WTmlywB0Q=,3RaSTfdUfxpXYpo++w6bcPEW0E8=
4,-21,CzSX3JZTi3JymjEZWXWQcc9aVp4=,0c61+MxDbCtJ3FrrqhdatASMARk=
3,-22,8nfufWYOcPDw9DagG/WTmlywB0Q=,HGxDeAWBW+zqwkZn5+VLgTSamkA=
3,-21,CzSX3JZTi3JymjEZWXWQcc9aVp4=,HGxDeAWBW+zqwkZn5+VLgTSamkA=
6,-22,8nfufWYOcPDw9DagG/WTmlywB0Q=,1qfkCPjldz5OfUju1f3bZSOcmN0=
5,-22,8nfufWYOcPDw9DagG/WTmlywB0Q=,0c61+MxDbCtJ3FrrqhdatASMARk=
6,-21,CzSX3JZTi3JymjEZWXWQcc9aVp4=,1qfkCPjldz5OfUju1f3bZSOcmN0=
12,-17,8nfufWYOcPDw9DagG/WTmlywB0Q=,rgyo43maUlM/ob6EYLI6HrSJl84=
5,-20,CzSX3JZTi3JymjEZWXWQcc9aVp4=,XC4Bua43OvT6FZScw8uZbi3sbjU=
4,-20,CzSX3JZTi3JymjEZWXWQcc9aVp4=,XC4Bua43OvT6FZScw8uZbi3sbjU=
3,-20,CzSX3JZTi3JymjEZWXWQcc9aVp4=,vxiBwZWDfWUkf0UU4b2TL1QT/x8=
1,-3,zgj6GDtUEVnjC2b2qeCKxlz94Yo=,8/C1+mign9sEquxDGQVWZuL44js=
2,-2,zgj6GDtUEVnjC2b2qeCKxlz94Yo=,PJVUlUhxtv13Qn4t+aSwJmD8x44=
1,-2,zgj6GDtUEVnjC2b2qeCKxlz94Yo=,Ga9EbSfHWCt82esvFTHCkc8FHyw=
2,-3,zgj6GDtUEVnjC2b2qeCKxlz94Yo=,V1I89nJ8iE+b5ff+3L/ffZZ88cA=
3,-5,MX1SjA87RBw3a+4axlqgHPSpIQE=,4ZRZvWg5gBF3h2ow5onitut7okI=
4,-4,Kq4qcW+T6EN47+GBW5z/TqJmWx8=,uZrii+QEI21TxzUMnv4inKCGP/Y=
4,-5,MX1SjA87RBw3a+4axlqgHPSpIQE=,wSpiexTCOXtdBjuJBvayWmbQcDw=
3,-4,Kq4qcW+T6EN47+GBW5z/TqJmWx8=,V1I89nJ8iE+b5ff+3L/ffZZ88cA=
3,-3,Kq4qcW+T6EN47+GBW5z/TqJmWx8=,V1I89nJ8iE+b5ff+3L/ffZZ88cA=
4,-3,Kq4qcW+T6EN47+GBW5z/TqJmWx8=,uZrii+QEI21TxzUMnv4inKCGP/Y=
3,-2,Kq4qcW+T6EN47+GBW5z/TqJmWx8=,PJVUlUhxtv13Qn4t+aSwJmD8x44=
4,-2,Kq4qcW+T6EN47+GBW5z/TqJmWx8=,i6GomOcuUZwud4QEej8L4Ko3Dl0=
6,-3,Kq4qcW+T6EN47+GBW5z/TqJmWx8=,DLBgWajelGdmxVgSKC9eeRs++Ks=
5,-3,Kq4qcW+T6EN47+GBW5z/TqJmWx8=,uZrii+QEI21TxzUMnv4inKCGP/Y=
5,-2,Kq4qcW+T6EN47+GBW5z/TqJmWx8=,i6GomOcuUZwud4QEej8L4Ko3Dl0=
6,-2,Kq4qcW+T6EN47+GBW5z/TqJmWx8=,6wBQTuwRinW0RUehBkdm0X5T8Gg=
8,-3,6P57upwh3XA/UOIhEFLU5AI6vXM=,BlZwKkZnFzaO3FX+a8HaR/zN9RE=
7,-2,6P57upwh3XA/UOIhEFLU5AI6vXM=,6wBQTuwRinW0RUehBkdm0X5T8Gg=
7,-3,6P57upwh3XA/UOIhEFLU5AI6vXM=,DLBgWajelGdmxVgSKC9eeRs++Ks=
8,-2,6P57upwh3XA/UOIhEFLU5AI6vXM=,j0fBVJ6KNxDTPeGfEJB9lZve83U=
9,-6,p/UoMO3xtDr7S//Tl3iiVwZOpLA=,kHW62APsZiVD7dVwdmjbP7Vz0ZY=
10,-6,p/UoMO3xtDr7S//Tl3iiVwZOpLA=,+xSqHYzOAapK3uFnDYSt7BPnyRo=
9,-7,p/UoMO3xtDr7S//Tl3iiVwZOpLA=,xW9njDye9KYMdUS8ywc+xj5AAmM=
10,-7,p/UoMO3xtDr7S//Tl3iiVwZOpLA=,rsiSVsSjyf0fjq+H7yWZFg/5PuM=
11,-7,f5yi+zSlIDR2edWX2PHxcmEoyYU=,rsiSVsSjyf0fjq+H7yWZFg/5PuM=
12,-7,f5yi+zSlIDR2edWX2PHxcmEoyYU=,TMo3SL2wA6Meo+oEBqrhDJrTT7g=
11,-6,f5yi+zSlIDR2edWX2PHxcmEoyYU=,+xSqHYzOAapK3uFnDYSt7BPnyRo=
12,-6,akX/ywW9huIuanDUWvkEFqKUBzw=,+f+PZZvgN97Fv9+a9IHl1h2lPf8=
11,-5,fYgfEzr1MYavZ/asLCvwwWjgyPU=,+xSqHYzOAapK3uFnDYSt7BPnyRo=
12,-4,N/CEkx+dUSTL0sv33goS0XoRuXM=,ou48cszZJTt9kyA/6BWjcn2Q6KI=
12,-5,fYgfEzr1MYavZ/asLCvwwWjgyPU=,+f+PZZvgN97Fv9+a9IHl1h2lPf8=
11,-4,N/CEkx+dUSTL0sv33goS0XoRuXM=,okBjh8/uYdKXDZsBRxrsQE/D7tk=
9,-5,j2tcdqHpMRWRVvGhUWkex8pgiMs=,kHW62APsZiVD7dVwdmjbP7Vz0ZY=
10,-4,j2tcdqHpMRWRVvGhUWkex8pgiMs=,okBjh8/uYdKXDZsBRxrsQE/D7tk=
9,-4,j2tcdqHpMRWRVvGhUWkex8pgiMs=,BlZwKkZnFzaO3FX+a8HaR/zN9RE=
10,-5,j2tcdqHpMRWRVvGhUWkex8pgiMs=,+xSqHYzOAapK3uFnDYSt7BPnyRo=
12,-2,pTqDvJJYm8iBd62mfmm3iEl4ens=,5Fi9fRaJwbyayKtQF+/eWV8JHBQ=
12,-3,3BM/a3e2pV+97pTVHjmjU11CP34=,ou48cszZJTt9kyA/6BWjcn2Q6KI=
11,-3,3BM/a3e2pV+97pTVHjmjU11CP34=,okBjh8/uYdKXDZsBRxrsQE/D7tk=
11,-2,pTqDvJJYm8iBd62mfmm3iEl4ens=,fZ7kJgYpkmeRA3+51Gai9Gp6NGo=
10,-3,j2tcdqHpMRWRVvGhUWkex8pgiMs=,okBjh8/uYdKXDZsBRxrsQE/D7tk=
9,-2,j2tcdqHpMRWRVvGhUWkex8pgiMs=,j0fBVJ6KNxDTPeGfEJB9lZve83U=
9,-3,j2tcdqHpMRWRVvGhUWkex8pgiMs=,BlZwKkZnFzaO3FX+a8HaR/zN9RE=
10,-2,/omY7jfG1lCyeFgoW6ShsaP/JSw=,fZ7kJgYpkmeRA3+51Gai9Gp6NGo=
13,-5,68IpY5bruvtbK4leB8FRBd1zbS0=,+f+PZZvgN97Fv9+a9IHl1h2lPf8=
13,-4,68IpY5bruvtbK4leB8FRBd1zbS0=,ou48cszZJTt9kyA/6BWjcn2Q6KI=
14,-2,3BM/a3e2pV+97pTVHjmjU11CP34=,vPvIZCMdBnLzOqf6wHCswaJZlFQ=
14,-5,68IpY5bruvtbK4leB8FRBd1zbS0=,Jpoy1TNSmW2yElXXPfpXIR8/bV0=
13,-2,3BM/a3e2pV+97pTVHjmjU11CP34=,5Fi9fRaJwbyayKtQF+/eWV8JHBQ=
14,-4,68IpY5bruvtbK4leB8FRBd1zbS0=,oUSgfCAdbKjWT8IqFw7BBEstLs4=
13,-3,3BM/a3e2pV+97pTVHjmjU11CP34=,ou48cszZJTt9kyA/6BWjcn2Q6KI=
14,-3,3BM/a3e2pV+97pTVHjmjU11CP34=,oUSgfCAdbKjWT8IqFw7BBEstLs4=
13,-6,jjePI+1flgOO6KPsUyjFQ2BEg2A=,+f+PZZvgN97Fv9+a9IHl1h2lPf8=
13,-7,jjePI+1flgOO6KPsUyjFQ2BEg2A=,TMo3SL2wA6Meo+oEBqrhDJrTT7g=
14,-6,jjePI+1flgOO6KPsUyjFQ2BEg2A=,Jpoy1TNSmW2yElXXPfpXIR8/bV0=
14,-7,jjePI+1flgOO6KPsUyjFQ2BEg2A=,yQ11RCwtlvCKtfc0WVWO33u/QxA=
13,-8,zUPFvxo/RJVybFHk0Nq37smwVyA=,TMo3SL2wA6Meo+oEBqrhDJrTT7g=
14,-8,zUPFvxo/RJVybFHk0Nq37smwVyA=,yQ11RCwtlvCKtfc0WVWO33u/QxA=
13,-9,zudqyL+mf4Fspg+AsxRw5BAg2ZU=,nz6l0YxzKVzF7bl6NojCUkHRrsA=
14,-9,zudqyL+mf4Fspg+AsxRw5BAg2ZU=,zrAtgVMMV8sm0YTovia3f6mRu2s=
13,-10,zUPFvxo/RJVybFHk0Nq37smwVyA=,nz6l0YxzKVzF7bl6NojCUkHRrsA=
14,-11,zudqyL+mf4Fspg+AsxRw5BAg2ZU=,mj9HrdlYp6pBUEadEYrPDXmlDU4=
13,-11,zudqyL+mf4Fspg+AsxRw5BAg2ZU=,tL+wq4JXonLKQtueK9Eo8i07OkI=
14,-10,zudqyL+mf4Fspg+AsxRw5BAg2ZU=,zrAtgVMMV8sm0YTovia3f6mRu2s=
12,-10,zudqyL+mf4Fspg+AsxRw5BAg2ZU=,nz6l0YxzKVzF7bl6NojCUkHRrsA=
12,-11,zudqyL+mf4Fspg+AsxRw5BAg2ZU=,tL+wq4JXonLKQtueK9Eo8i07OkI=
12,-8,zudqyL+mf4Fspg+AsxRw5BAg2ZU=,TMo3SL2wA6Meo+oEBqrhDJrTT7g=
12,-9,zudqyL+mf4Fspg+AsxRw5BAg2ZU=,nz6l0YxzKVzF7bl6NojCUkHRrsA=
11,-11,zudqyL+mf4Fspg+AsxRw5BAg2ZU=,uJJpVllZyiBukdcWQbQy4ZgsJ08=
11,-9,zudqyL+mf4Fspg+AsxRw5BAg2ZU=,Keo8+im1+SdHEKq3wcWhUSRF+8w=
11,-10,zudqyL+mf4Fspg+AsxRw5BAg2ZU=,Keo8+im1+SdHEKq3wcWhUSRF+8w=
11,-8,zUPFvxo/RJVybFHk0Nq37smwVyA=,rsiSVsSjyf0fjq+H7yWZFg/5PuM=
9,-8,CbSBffTg4GgazrhD/r2J6fDUxCQ=,xW9njDye9KYMdUS8ywc+xj5AAmM=
9,-9,CbSBffTg4GgazrhD/r2J6fDUxCQ=,pSjm9bsk8SJyqhoKQN62UXLNYb0=
10,-8,BIYB+EPd6d31cwmYuLV1sJk2Oro=,rsiSVsSjyf0fjq+H7yWZFg/5PuM=
10,-9,CbSBffTg4GgazrhD/r2J6fDUxCQ=,Keo8+im1+SdHEKq3wcWhUSRF+8w=
10,-10,BIYB+EPd6d31cwmYuLV1sJk2Oro=,Keo8+im1+SdHEKq3wcWhUSRF+8w=
10,-11,BIYB+EPd6d31cwmYuLV1sJk2Oro=,uJJpVllZyiBukdcWQbQy4ZgsJ08=
9,-11,BIYB+EPd6d31cwmYuLV1sJk2Oro=,j4bW0KE5VdQLhxqm7xfuHCQUWKg=
9,-10,qfb3gZtuK+ujybPYBbGSwROlkPE=,pSjm9bsk8SJyqhoKQN62UXLNYb0=
8,-10,+cJSsksXR4WQcLuGX3ff+eubMU8=,pSjm9bsk8SJyqhoKQN62UXLNYb0=
7,-11,j9oCz+2oHHKJYaI9EMe5nNlWKpo=,WLefTwTz6dYSF7QPDB4mY9Lbc4Q=
7,-10,+cJSsksXR4WQcLuGX3ff+eubMU8=,7BjXsqeP6cc5r0P3ROOCj6NMsOc=
8,-11,j9oCz+2oHHKJYaI9EMe5nNlWKpo=,j4bW0KE5VdQLhxqm7xfuHCQUWKg=
6,-11,aTFjF5EDDqvukdDMtfb22IJvmHQ=,WLefTwTz6dYSF7QPDB4mY9Lbc4Q=
6,-10,aTFjF5EDDqvukdDMtfb22IJvmHQ=,7BjXsqeP6cc5r0P3ROOCj6NMsOc=
5,-10,aTFjF5EDDqvukdDMtfb22IJvmHQ=,a+Ubft0EJ8ZWhkt3O9GM9zrRwu4=
5,-11,aTFjF5EDDqvukdDMtfb22IJvmHQ=,DrsMfqrkAbcxofeW9uYiyUgvudc=
4,-11,XxbxSLF6Aah6v3T3iXVhKVtsTIw=,DrsMfqrkAbcxofeW9uYiyUgvudc=
3,-11,XxbxSLF6Aah6v3T3iXVhKVtsTIw=,6kt0Qcqp4J0YTkTkomcH6XXplTs=
3,-10,XxbxSLF6Aah6v3T3iXVhKVtsTIw=,n+777yNIE6BBEOzniNwRPx5phRQ=
4,-10,XxbxSLF6Aah6v3T3iXVhKVtsTIw=,a+Ubft0EJ8ZWhkt3O9GM9zrRwu4=
3,-7,jXOzUgFUk/EdUww7AqPvWKb5+Xw=,ZP6ZA/YoAqQm+N/g7PCTm/ZS1qQ=
4,-9,uCeRq82Km2us/IUxAuG7XDwdKF4=,a+Ubft0EJ8ZWhkt3O9GM9zrRwu4=
3,-8,oPsjaysg9bH0MG74jojptNuN/I8=,ZP6ZA/YoAqQm+N/g7PCTm/ZS1qQ=
3,-9,uCeRq82Km2us/IUxAuG7XDwdKF4=,n+777yNIE6BBEOzniNwRPx5phRQ=
3,-6,jXOzUgFUk/EdUww7AqPvWKb5+Xw=,4ZRZvWg5gBF3h2ow5onitut7okI=
4,-6,jXOzUgFUk/EdUww7AqPvWKb5+Xw=,wSpiexTCOXtdBjuJBvayWmbQcDw=
4,-8,uCeRq82Km2us/IUxAuG7XDwdKF4=,Xzp23vQoCsZyus43FM+V5gQsKb4=
4,-7,jXOzUgFUk/EdUww7AqPvWKb5+Xw=,Xzp23vQoCsZyus43FM+V5gQsKb4=
1,-8,axfi5jtoT2xju4H+HOzp5e4fm2M=,hwUFlhAquSKH2LrH4TlCNmJE9zQ=
2,-8,bQ3TaJ37zqXvddBq4c8/8NSTccI=,ZP6ZA/YoAqQm+N/g7PCTm/ZS1qQ=
1,-9,bQ3TaJ37zqXvddBq4c8/8NSTccI=,ytf7Y95YHCTVFZyKY067WZn3fp8=
2,-9,axfi5jtoT2xju4H+HOzp5e4fm2M=,n+777yNIE6BBEOzniNwRPx5phRQ=
5,-8,uCeRq82Km2us/IUxAuG7XDwdKF4=,Xzp23vQoCsZyus43FM+V5gQsKb4=
7,-8,uCeRq82Km2us/IUxAuG7XDwdKF4=,hHkMr2FzWAxWSrz9GEMkWxlx79E=
6,-9,oPsjaysg9bH0MG74jojptNuN/I8=,7BjXsqeP6cc5r0P3ROOCj6NMsOc=
6,-8,uCeRq82Km2us/IUxAuG7XDwdKF4=,hHkMr2FzWAxWSrz9GEMkWxlx79E=
5,-9,oPsjaysg9bH0MG74jojptNuN/I8=,a+Ubft0EJ8ZWhkt3O9GM9zrRwu4=
8,-9,oPsjaysg9bH0MG74jojptNuN/I8=,pSjm9bsk8SJyqhoKQN62UXLNYb0=
7,-9,uCeRq82Km2us/IUxAuG7XDwdKF4=,7BjXsqeP6cc5r0P3ROOCj6NMsOc=
8,-8,oPsjaysg9bH0MG74jojptNuN/I8=,xW9njDye9KYMdUS8ywc+xj5AAmM=
5,-5,MX1SjA87RBw3a+4axlqgHPSpIQE=,wSpiexTCOXtdBjuJBvayWmbQcDw=
7,-4,oPsjaysg9bH0MG74jojptNuN/I8=,DLBgWajelGdmxVgSKC9eeRs++Ks=
5,-6,jXOzUgFUk/EdUww7AqPvWKb5+Xw=,wSpiexTCOXtdBjuJBvayWmbQcDw=
8,-4,oPsjaysg9bH0MG74jojptNuN/I8=,BlZwKkZnFzaO3FX+a8HaR/zN9RE=
6,-4,MX1SjA87RBw3a+4axlqgHPSpIQE=,DLBgWajelGdmxVgSKC9eeRs++Ks=
5,-4,Kq4qcW+T6EN47+GBW5z/TqJmWx8=,uZrii+QEI21TxzUMnv4inKCGP/Y=
7,-7,jXOzUgFUk/EdUww7AqPvWKb5+Xw=,hHkMr2FzWAxWSrz9GEMkWxlx79E=
2,-10,cOPg5v3kTCOqCHwhVzNor/X/K8A=,n+777yNIE6BBEOzniNwRPx5phRQ=
5,-7,MX1SjA87RBw3a+4axlqgHPSpIQE=,Xzp23vQoCsZyus43FM+V5gQsKb4=
6,-7,jXOzUgFUk/EdUww7AqPvWKb5+Xw=,hHkMr2FzWAxWSrz9GEMkWxlx79E=
8,-7,oPsjaysg9bH0MG74jojptNuN/I8=,xW9njDye9KYMdUS8ywc+xj5AAmM=
1,-10,U+aSqYTT/KcE1LXjIk6sWWMRddk=,ytf7Y95YHCTVFZyKY067WZn3fp8=
8,-5,oPsjaysg9bH0MG74jojptNuN/I8=,kHW62APsZiVD7dVwdmjbP7Vz0ZY=
6,-6,jXOzUgFUk/EdUww7AqPvWKb5+Xw=,xS6gsd2359yo0ju4kJcATLo2sIU=
8,-6,oPsjaysg9bH0MG74jojptNuN/I8=,kHW62APsZiVD7dVwdmjbP7Vz0ZY=
1,-11,U+aSqYTT/KcE1LXjIk6sWWMRddk=,s0+4dMi/QuQuB+AcT6ZBfi3NzqE=
7,-5,oPsjaysg9bH0MG74jojptNuN/I8=,xS6gsd2359yo0ju4kJcATLo2sIU=
7,-6,uCeRq82Km2us/IUxAuG7XDwdKF4=,xS6gsd2359yo0ju4kJcATLo2sIU=
2,-11,U+aSqYTT/KcE1LXjIk6sWWMRddk=,6kt0Qcqp4J0YTkTkomcH6XXplTs=
6,-5,Kq4qcW+T6EN47+GBW5z/TqJmWx8=,xS6gsd2359yo0ju4kJcATLo2sIU=
1,-12,088YRgRiEo2CNAV08grcF+PLEuo=,s0+4dMi/QuQuB+AcT6ZBfi3NzqE=
2,-13,088YRgRiEo2CNAV08grcF+PLEuo=,4vAeIVjGBhdjoe0Fy9twO4Gdl6E=
1,-13,088YRgRiEo2CNAV08grcF+PLEuo=,qxZfd4UYS8+geRJxam9RBoVLx/U=
2,-12,088YRgRiEo2CNAV08grcF+PLEuo=,6kt0Qcqp4J0YTkTkomcH6XXplTs=
3,-12,vqPq/lax0GiSMv8nol22X1mHtzU=,6kt0Qcqp4J0YTkTkomcH6XXplTs=
4,-12,vqPq/lax0GiSMv8nol22X1mHtzU=,DrsMfqrkAbcxofeW9uYiyUgvudc=
3,-13,Tyr1zJRitHUaYjQJPBpimTBlLyk=,4vAeIVjGBhdjoe0Fy9twO4Gdl6E=
4,-13,vqPq/lax0GiSMv8nol22X1mHtzU=,mBy7hP2oHu2ooNMLxscgncqlkvY=
3,-15,o+0bfAUMdQH+3NS372Xkn0YtsSg=,171cR7zT6Pf5n67XbA5RbcPWOpU=
4,-14,o+0bfAUMdQH+3NS372Xkn0YtsSg=,mBy7hP2oHu2ooNMLxscgncqlkvY=
3,-14,o+0bfAUMdQH+3NS372Xkn0YtsSg=,4vAeIVjGBhdjoe0Fy9twO4Gdl6E=
5,-12,vqPq/lax0GiSMv8nol22X1mHtzU=,DrsMfqrkAbcxofeW9uYiyUgvudc=
4,-15,o+0bfAUMdQH+3NS372Xkn0YtsSg=,pXIYJA4Nzj7fnHXeYGaZ9QH2SoI=
6,-12,vqPq/lax0GiSMv8nol22X1mHtzU=,WLefTwTz6dYSF7QPDB4mY9Lbc4Q=
6,-13,vqPq/lax0GiSMv8nol22X1mHtzU=,4MN4DQRpLcOeN0FEJ5QhRlo5T24=
5,-13,Tyr1zJRitHUaYjQJPBpimTBlLyk=,mBy7hP2oHu2ooNMLxscgncqlkvY=
6,-14,6IJlYPa4SaLvCs2lCMVSr5MOSoQ=,4MN4DQRpLcOeN0FEJ5QhRlo5T24=
7,-13,j9oCz+2oHHKJYaI9EMe5nNlWKpo=,4MN4DQRpLcOeN0FEJ5QhRlo5T24=
5,-14,O4SGgxCu0uq85ZDm2Z4hp2CqzcM=,mBy7hP2oHu2ooNMLxscgncqlkvY=
5,-15,6IJlYPa4SaLvCs2lCMVSr5MOSoQ=,pXIYJA4Nzj7fnHXeYGaZ9QH2SoI=
7,-12,+cJSsksXR4WQcLuGX3ff+eubMU8=,WLefTwTz6dYSF7QPDB4mY9Lbc4Q=
6,-15,6IJlYPa4SaLvCs2lCMVSr5MOSoQ=,3MWBYn+0CRhq3+03fTAk21wh5Ho=
8,-12,+cJSsksXR4WQcLuGX3ff+eubMU8=,j4bW0KE5VdQLhxqm7xfuHCQUWKg=
8,-13,+cJSsksXR4WQcLuGX3ff+eubMU8=,HOBawAcf4rA3p3hnZnCQw+MminY=
7,-15,lOQW9mlUxznrSesvsWl1vctJICA=,3MWBYn+0CRhq3+03fTAk21wh5Ho=
7,-14,lOQW9mlUxznrSesvsWl1vctJICA=,4MN4DQRpLcOeN0FEJ5QhRlo5T24=
8,-14,lOQW9mlUxznrSesvsWl1vctJICA=,HOBawAcf4rA3p3hnZnCQw+MminY=
8,-15,lOQW9mlUxznrSesvsWl1vctJICA=,FZl7BpGP06vV+mDVXns6VFyIRqM=
10,-13,j9oCz+2oHHKJYaI9EMe5nNlWKpo=,sRUCPxk+T/fr5QYkQ2TosBopxCE=
10,-12,+cJSsksXR4WQcLuGX3ff+eubMU8=,uJJpVllZyiBukdcWQbQy4ZgsJ08=
9,-12,+cJSsksXR4WQcLuGX3ff+eubMU8=,j4bW0KE5VdQLhxqm7xfuHCQUWKg=
9,-13,+cJSsksXR4WQcLuGX3ff+eubMU8=,HOBawAcf4rA3p3hnZnCQw+MminY=
9,-14,Crc1LyLM215Iw1J/81JLizvVufw=,HOBawAcf4rA3p3hnZnCQw+MminY=
11,-12,a8urlN45HK/BRsojFzrwWwuSUEs=,uJJpVllZyiBukdcWQbQy4ZgsJ08=
9,-15,tDxhz38u7iQzfPDGchSeb5N68Fw=,FZl7BpGP06vV+mDVXns6VFyIRqM=
11,-13,a8urlN45HK/BRsojFzrwWwuSUEs=,sRUCPxk+T/fr5QYkQ2TosBopxCE=
12,-13,+cJSsksXR4WQcLuGX3ff+eubMU8=,sNKW0ptgRG9uB5S+2I6zoKTWeFo=
12,-12,a8urlN45HK/BRsojFzrwWwuSUEs=,tL+wq4JXonLKQtueK9Eo8i07OkI=
10,-14,tDxhz38u7iQzfPDGchSeb5N68Fw=,sRUCPxk+T/fr5QYkQ2TosBopxCE=
10,-15,Crc1LyLM215Iw1J/81JLizvVufw=,7QTO/qY2Z4fb9iZd8bmSP0RJOxs=
14,-16,AY9wcoYSIGLRDI2zQ5kyFO/M1Uc=,akAqg1ICWaIZi5so6bLP8yIE8mg=
11,-15,Crc1LyLM215Iw1J/81JLizvVufw=,7QTO/qY2Z4fb9iZd8bmSP0RJOxs=
12,-14,Crc1LyLM215Iw1J/81JLizvVufw=,sNKW0ptgRG9uB5S+2I6zoKTWeFo=
11,-14,Crc1LyLM215Iw1J/81JLizvVufw=,sRUCPxk+T/fr5QYkQ2TosBopxCE=
13,-16,AY9wcoYSIGLRDI2zQ5kyFO/M1Uc=,khAdzQTd720GtmE3Bq1cQpPvRPo=
15,-15,7uXj7NuxstOO3IL0QJPoS1ePWfk=,akAqg1ICWaIZi5so6bLP8yIE8mg=
12,-15,Crc1LyLM215Iw1J/81JLizvVufw=,khAdzQTd720GtmE3Bq1cQpPvRPo=
13,-12,zudqyL+mf4Fspg+AsxRw5BAg2ZU=,tL+wq4JXonLKQtueK9Eo8i07OkI=
14,-15,Crc1LyLM215Iw1J/81JLizvVufw=,akAqg1ICWaIZi5so6bLP8yIE8mg=
13,-15,Crc1LyLM215Iw1J/81JLizvVufw=,khAdzQTd720GtmE3Bq1cQpPvRPo=
13,-14,Crc1LyLM215Iw1J/81JLizvVufw=,sNKW0ptgRG9uB5S+2I6zoKTWeFo=
15,-12,7uXj7NuxstOO3IL0QJPoS1ePWfk=,mj9HrdlYp6pBUEadEYrPDXmlDU4=
14,-14,Crc1LyLM215Iw1J/81JLizvVufw=,egXjzAr1QRlZKuCV5wKr6fCPmuk=
15,-14,7uXj7NuxstOO3IL0QJPoS1ePWfk=,egXjzAr1QRlZKuCV5wKr6fCPmuk=
15,-13,7uXj7NuxstOO3IL0QJPoS1ePWfk=,egXjzAr1QRlZKuCV5wKr6fCPmuk=
14,-12,zudqyL+mf4Fspg+AsxRw5BAg2ZU=,mj9HrdlYp6pBUEadEYrPDXmlDU4=
15,-10,zudqyL+mf4Fspg+AsxRw5BAg2ZU=,zrAtgVMMV8sm0YTovia3f6mRu2s=
15,-8,zUPFvxo/RJVybFHk0Nq37smwVyA=,yQ11RCwtlvCKtfc0WVWO33u/QxA=
13,-13,zUPFvxo/RJVybFHk0Nq37smwVyA=,sNKW0ptgRG9uB5S+2I6zoKTWeFo=
15,-11,zudqyL+mf4Fspg+AsxRw5BAg2ZU=,mj9HrdlYp6pBUEadEYrPDXmlDU4=
14,-13,zUPFvxo/RJVybFHk0Nq37smwVyA=,egXjzAr1QRlZKuCV5wKr6fCPmuk=
15,-9,zudqyL+mf4Fspg+AsxRw5BAg2ZU=,zrAtgVMMV8sm0YTovia3f6mRu2s=
15,-7,XKgOFzLpAOjZZOuArNpiv81j8gY=,yQ11RCwtlvCKtfc0WVWO33u/QxA=
15,-6,XKgOFzLpAOjZZOuArNpiv81j8gY=,Jpoy1TNSmW2yElXXPfpXIR8/bV0=
15,-5,iufoHDbdtYOIbf8QQPGZkL/OBcI=,Jpoy1TNSmW2yElXXPfpXIR8/bV0=
15,-4,iufoHDbdtYOIbf8QQPGZkL/OBcI=,oUSgfCAdbKjWT8IqFw7BBEstLs4=
15,-2,iufoHDbdtYOIbf8QQPGZkL/OBcI=,vPvIZCMdBnLzOqf6wHCswaJZlFQ=
15,-3,iufoHDbdtYOIbf8QQPGZkL/OBcI=,oUSgfCAdbKjWT8IqFw7BBEstLs4=
15,-1,7uXj7NuxstOO3IL0QJPoS1ePWfk=,vPvIZCMdBnLzOqf6wHCswaJZlFQ=
14,-1,iufoHDbdtYOIbf8QQPGZkL/OBcI=,vPvIZCMdBnLzOqf6wHCswaJZlFQ=
13,-1,iufoHDbdtYOIbf8QQPGZkL/OBcI=,5Fi9fRaJwbyayKtQF+/eWV8JHBQ=
12,-1,nEWuynGJ03b2jq/Xu21/x6qNNcs=,5Fi9fRaJwbyayKtQF+/eWV8JHBQ=
11,-1,+vZmGkz+tvsOinrdCWv/YgNF6n8=,fZ7kJgYpkmeRA3+51Gai9Gp6NGo=
10,-1,MxI5mD9YpG1CItk88RZA6Kd10Rk=,fZ7kJgYpkmeRA3+51Gai9Gp6NGo=
9,-1,MxI5mD9YpG1CItk88RZA6Kd10Rk=,j0fBVJ6KNxDTPeGfEJB9lZve83U=
7,-1,MxI5mD9YpG1CItk88RZA6Kd10Rk=,6wBQTuwRinW0RUehBkdm0X5T8Gg=
8,-1,MxI5mD9YpG1CItk88RZA6Kd10Rk=,j0fBVJ6KNxDTPeGfEJB9lZve83U=
3,-1,Kq4qcW+T6EN47+GBW5z/TqJmWx8=,PJVUlUhxtv13Qn4t+aSwJmD8x44=
2,-1,Kq4qcW+T6EN47+GBW5z/TqJmWx8=,PJVUlUhxtv13Qn4t+aSwJmD8x44=
1,-1,Kq4qcW+T6EN47+GBW5z/TqJmWx8=,Ga9EbSfHWCt82esvFTHCkc8FHyw=
6,-1,Kq4qcW+T6EN47+GBW5z/TqJmWx8=,6wBQTuwRinW0RUehBkdm0X5T8Gg=
4,-1,Kq4qcW+T6EN47+GBW5z/TqJmWx8=,i6GomOcuUZwud4QEej8L4Ko3Dl0=
5,-1,Kq4qcW+T6EN47+GBW5z/TqJmWx8=,i6GomOcuUZwud4QEej8L4Ko3Dl0=
0,-3,MxI5mD9YpG1CItk88RZA6Kd10Rk=,8/C1+mign9sEquxDGQVWZuL44js=
0,-2,MxI5mD9YpG1CItk88RZA6Kd10Rk=,Ga9EbSfHWCt82esvFTHCkc8FHyw=
0,-8,HMCVgNV0t7Wq7NG5AyqraxjP4VA=,hwUFlhAquSKH2LrH4TlCNmJE9zQ=
0,-9,fpWYF2UutYbiQ9PpPEShAWnyVcg=,ytf7Y95YHCTVFZyKY067WZn3fp8=
1,-7,gt0hkggmDKiLNApgKcA6x8+jRS4=,hwUFlhAquSKH2LrH4TlCNmJE9zQ=
0,-10,fpWYF2UutYbiQ9PpPEShAWnyVcg=,ytf7Y95YHCTVFZyKY067WZn3fp8=
0,-7,HMCVgNV0t7Wq7NG5AyqraxjP4VA=,hwUFlhAquSKH2LrH4TlCNmJE9zQ=
2,-7,gt0hkggmDKiLNApgKcA6x8+jRS4=,ZP6ZA/YoAqQm+N/g7PCTm/ZS1qQ=
2,-5,PB+ajmrytDQ+9CClWyUio8mA9bE=,4ZRZvWg5gBF3h2ow5onitut7okI=
0,-11,fpWYF2UutYbiQ9PpPEShAWnyVcg=,s0+4dMi/QuQuB+AcT6ZBfi3NzqE=
2,-4,PB+ajmrytDQ+9CClWyUio8mA9bE=,V1I89nJ8iE+b5ff+3L/ffZZ88cA=
1,-4,PB+ajmrytDQ+9CClWyUio8mA9bE=,8/C1+mign9sEquxDGQVWZuL44js=
2,-6,gt0hkggmDKiLNApgKcA6x8+jRS4=,4ZRZvWg5gBF3h2ow5onitut7okI=
0,-5,MxI5mD9YpG1CItk88RZA6Kd10Rk=,XmgXp1K1ENvtbRI4U/ulsLofYSU=
1,-6,NCLfsHq/Mo7AJTEmotc+NiCzo74=,XmgXp1K1ENvtbRI4U/ulsLofYSU=
1,-5,tZtoVdp9QiXL+AQ1nJxcP6tskNo=,XmgXp1K1ENvtbRI4U/ulsLofYSU=
0,-4,MxI5mD9YpG1CItk88RZA6Kd10Rk=,8/C1+mign9sEquxDGQVWZuL44js=
0,-6,HMCVgNV0t7Wq7NG5AyqraxjP4VA=,XmgXp1K1ENvtbRI4U/ulsLofYSU=
0,-12,fpWYF2UutYbiQ9PpPEShAWnyVcg=,s0+4dMi/QuQuB+AcT6ZBfi3NzqE=
0,-13,fpWYF2UutYbiQ9PpPEShAWnyVcg=,qxZfd4UYS8+geRJxam9RBoVLx/U=
3,-16,AY9wcoYSIGLRDI2zQ5kyFO/M1Uc=,171cR7zT6Pf5n67XbA5RbcPWOpU=
4,-16,AY9wcoYSIGLRDI2zQ5kyFO/M1Uc=,pXIYJA4Nzj7fnHXeYGaZ9QH2SoI=
1,-16,95kjtYZ6T6pi3fddSLP22Aj0P7A=,li4bYwB6VIuOK/3qo2y/xAjglSM=
2,-14,088YRgRiEo2CNAV08grcF+PLEuo=,4vAeIVjGBhdjoe0Fy9twO4Gdl6E=
2,-16,95kjtYZ6T6pi3fddSLP22Aj0P7A=,171cR7zT6Pf5n67XbA5RbcPWOpU=
1,-15,088YRgRiEo2CNAV08grcF+PLEuo=,li4bYwB6VIuOK/3qo2y/xAjglSM=
0,-15,AY9wcoYSIGLRDI2zQ5kyFO/M1Uc=,li4bYwB6VIuOK/3qo2y/xAjglSM=
2,-15,088YRgRiEo2CNAV08grcF+PLEuo=,171cR7zT6Pf5n67XbA5RbcPWOpU=
1,-14,088YRgRiEo2CNAV08grcF+PLEuo=,qxZfd4UYS8+geRJxam9RBoVLx/U=
0,-14,95kjtYZ6T6pi3fddSLP22Aj0P7A=,qxZfd4UYS8+geRJxam9RBoVLx/U=
15,-16,AY9wcoYSIGLRDI2zQ5kyFO/M1Uc=,akAqg1ICWaIZi5so6bLP8yIE8mg=
5,-16,AY9wcoYSIGLRDI2zQ5kyFO/M1Uc=,pXIYJA4Nzj7fnHXeYGaZ9QH2SoI=
6,-16,AY9wcoYSIGLRDI2zQ5kyFO/M1Uc=,3MWBYn+0CRhq3+03fTAk21wh5Ho=
9,-16,7uXj7NuxstOO3IL0QJPoS1ePWfk=,FZl7BpGP06vV+mDVXns6VFyIRqM=
0,-16,7uXj7NuxstOO3IL0QJPoS1ePWfk=,li4bYwB6VIuOK/3qo2y/xAjglSM=
0,-1,7uXj7NuxstOO3IL0QJPoS1ePWfk=,Ga9EbSfHWCt82esvFTHCkc8FHyw=
10,-16,7uXj7NuxstOO3IL0QJPoS1ePWfk=,7QTO/qY2Z4fb9iZd8bmSP0RJOxs=
8,-16,7uXj7NuxstOO3IL0QJPoS1ePWfk=,FZl7BpGP06vV+mDVXns6VFyIRqM=
7,-16,7uXj7NuxstOO3IL0QJPoS1ePWfk=,3MWBYn+0CRhq3+03fTAk21wh5Ho=
11,-16,AY9wcoYSIGLRDI2zQ5kyFO/M1Uc=,7QTO/qY2Z4fb9iZd8bmSP0RJOxs=
12,-16,AY9wcoYSIGLRDI2zQ5kyFO/M1Uc=,khAdzQTd720GtmE3Bq1cQpPvRPo=
