65,27,I7JQ2gF2mRzTup8xiCjZVTDe1BI=,QAdsFRUtfpawvxkbbkJ3052xuw4=
65,28,I7JQ2gF2mRzTup8xiCjZVTDe1BI=,fqPvPKLIWEWXiuMy/pQ7rrUNbGg=
66,27,I7JQ2gF2mRzTup8xiCjZVTDe1BI=,vqqqCdw1an3paCffNp3fROSWXUw=
66,28,I7JQ2gF2mRzTup8xiCjZVTDe1BI=,qN26E9eglLyZXMXqraaQ7xcvn2M=
65,29,I7JQ2gF2mRzTup8xiCjZVTDe1BI=,fqPvPKLIWEWXiuMy/pQ7rrUNbGg=
66,29,I7JQ2gF2mRzTup8xiCjZVTDe1BI=,qN26E9eglLyZXMXqraaQ7xcvn2M=
65,30,I7JQ2gF2mRzTup8xiCjZVTDe1BI=,z0BnBUCEwMHh4MazHYK7lBVYEBE=
66,30,I7JQ2gF2mRzTup8xiCjZVTDe1BI=,J/n2Jw6v3gcn8SFjlUouYyGHsl8=
71,29,I7JQ2gF2mRzTup8xiCjZVTDe1BI=,9N0pvOPgyd96CaogUsodrFv+g6k=
72,30,I7JQ2gF2mRzTup8xiCjZVTDe1BI=,FwjQqsTwG9q47Ya21yORwrknmBc=
71,30,I7JQ2gF2mRzTup8xiCjZVTDe1BI=,9N0pvOPgyd96CaogUsodrFv+g6k=
71,31,BA4WJFkjtZTUHo7VAeQ9orpd1BA=,9N0pvOPgyd96CaogUsodrFv+g6k=
72,31,BA4WJFkjtZTUHo7VAeQ9orpd1BA=,FwjQqsTwG9q47Ya21yORwrknmBc=
70,31,BA4WJFkjtZTUHo7VAeQ9orpd1BA=,9N0pvOPgyd96CaogUsodrFv+g6k=
70,29,I7JQ2gF2mRzTup8xiCjZVTDe1BI=,9N0pvOPgyd96CaogUsodrFv+g6k=
68,29,I7JQ2gF2mRzTup8xiCjZVTDe1BI=,DMcxpjd7QIUUcFRaSOPu+Gx0MOk=
69,29,I7JQ2gF2mRzTup8xiCjZVTDe1BI=,DMcxpjd7QIUUcFRaSOPu+Gx0MOk=
68,30,I7JQ2gF2mRzTup8xiCjZVTDe1BI=,x18kQHEAPS6riXxr+am/KMzS3Rc=
70,30,I7JQ2gF2mRzTup8xiCjZVTDe1BI=,9N0pvOPgyd96CaogUsodrFv+g6k=
67,29,I7JQ2gF2mRzTup8xiCjZVTDe1BI=,qN26E9eglLyZXMXqraaQ7xcvn2M=
67,30,I7JQ2gF2mRzTup8xiCjZVTDe1BI=,J/n2Jw6v3gcn8SFjlUouYyGHsl8=
69,30,I7JQ2gF2mRzTup8xiCjZVTDe1BI=,x18kQHEAPS6riXxr+am/KMzS3Rc=
69,31,BA4WJFkjtZTUHo7VAeQ9orpd1BA=,x18kQHEAPS6riXxr+am/KMzS3Rc=
67,31,BA4WJFkjtZTUHo7VAeQ9orpd1BA=,J/n2Jw6v3gcn8SFjlUouYyGHsl8=
68,31,BA4WJFkjtZTUHo7VAeQ9orpd1BA=,x18kQHEAPS6riXxr+am/KMzS3Rc=
65,26,BA4WJFkjtZTUHo7VAeQ9orpd1BA=,QAdsFRUtfpawvxkbbkJ3052xuw4=
66,26,BA4WJFkjtZTUHo7VAeQ9orpd1BA=,vqqqCdw1an3paCffNp3fROSWXUw=
64,30,BA4WJFkjtZTUHo7VAeQ9orpd1BA=,z0BnBUCEwMHh4MazHYK7lBVYEBE=
64,29,BA4WJFkjtZTUHo7VAeQ9orpd1BA=,fqPvPKLIWEWXiuMy/pQ7rrUNbGg=
67,28,BA4WJFkjtZTUHo7VAeQ9orpd1BA=,qN26E9eglLyZXMXqraaQ7xcvn2M=
66,31,BA4WJFkjtZTUHo7VAeQ9orpd1BA=,J/n2Jw6v3gcn8SFjlUouYyGHsl8=
65,31,BA4WJFkjtZTUHo7VAeQ9orpd1BA=,z0BnBUCEwMHh4MazHYK7lBVYEBE=
67,26,BA4WJFkjtZTUHo7VAeQ9orpd1BA=,vqqqCdw1an3paCffNp3fROSWXUw=
68,28,BA4WJFkjtZTUHo7VAeQ9orpd1BA=,DMcxpjd7QIUUcFRaSOPu+Gx0MOk=
67,27,BA4WJFkjtZTUHo7VAeQ9orpd1BA=,vqqqCdw1an3paCffNp3fROSWXUw=
70,28,BA4WJFkjtZTUHo7VAeQ9orpd1BA=,9N0pvOPgyd96CaogUsodrFv+g6k=
69,28,BA4WJFkjtZTUHo7VAeQ9orpd1BA=,DMcxpjd7QIUUcFRaSOPu+Gx0MOk=
73,30,Fhya8jRhmVK04xxOu8hxijQSc/A=,FwjQqsTwG9q47Ya21yORwrknmBc=
73,31,BA4WJFkjtZTUHo7VAeQ9orpd1BA=,FwjQqsTwG9q47Ya21yORwrknmBc=
64,31,BA4WJFkjtZTUHo7VAeQ9orpd1BA=,z0BnBUCEwMHh4MazHYK7lBVYEBE=
64,26,BA4WJFkjtZTUHo7VAeQ9orpd1BA=,QAdsFRUtfpawvxkbbkJ3052xuw4=
64,27,I7JQ2gF2mRzTup8xiCjZVTDe1BI=,QAdsFRUtfpawvxkbbkJ3052xuw4=
64,28,I7JQ2gF2mRzTup8xiCjZVTDe1BI=,fqPvPKLIWEWXiuMy/pQ7rrUNbGg=
78,30,Fhya8jRhmVK04xxOu8hxijQSc/A=,72qQ6aClEJc/4RhITfuf540iRC0=
78,29,Fhya8jRhmVK04xxOu8hxijQSc/A=,W0OU0PwD1NFzEMKCWv9sN1TXwsQ=
77,29,Fhya8jRhmVK04xxOu8hxijQSc/A=,52JijJtRQ9VXOWeuKC0HO/KPR7k=
77,30,Fhya8jRhmVK04xxOu8hxijQSc/A=,nLkqeRMT09lhPt1As4VXHWL1sMs=
76,29,Fhya8jRhmVK04xxOu8hxijQSc/A=,52JijJtRQ9VXOWeuKC0HO/KPR7k=
76,30,Fhya8jRhmVK04xxOu8hxijQSc/A=,nLkqeRMT09lhPt1As4VXHWL1sMs=
75,30,Fhya8jRhmVK04xxOu8hxijQSc/A=,+d1PWXgW00z9syKhQ7Ku5azmJVA=
75,29,Fhya8jRhmVK04xxOu8hxijQSc/A=,fyzDOV2W9vrYnRpy/Yu7rc0QU3M=
74,29,Fhya8jRhmVK04xxOu8hxijQSc/A=,fyzDOV2W9vrYnRpy/Yu7rc0QU3M=
73,29,Fhya8jRhmVK04xxOu8hxijQSc/A=,EBvjgbFepvONxTCv4qyhS1UC2Qk=
74,30,Fhya8jRhmVK04xxOu8hxijQSc/A=,+d1PWXgW00z9syKhQ7Ku5azmJVA=
72,29,I7JQ2gF2mRzTup8xiCjZVTDe1BI=,EBvjgbFepvONxTCv4qyhS1UC2Qk=
76,31,BA4WJFkjtZTUHo7VAeQ9orpd1BA=,nLkqeRMT09lhPt1As4VXHWL1sMs=
75,31,BA4WJFkjtZTUHo7VAeQ9orpd1BA=,+d1PWXgW00z9syKhQ7Ku5azmJVA=
77,31,BA4WJFkjtZTUHo7VAeQ9orpd1BA=,nLkqeRMT09lhPt1As4VXHWL1sMs=
78,31,BA4WJFkjtZTUHo7VAeQ9orpd1BA=,72qQ6aClEJc/4RhITfuf540iRC0=
78,28,BA4WJFkjtZTUHo7VAeQ9orpd1BA=,W0OU0PwD1NFzEMKCWv9sN1TXwsQ=
77,28,BA4WJFkjtZTUHo7VAeQ9orpd1BA=,52JijJtRQ9VXOWeuKC0HO/KPR7k=
76,28,BA4WJFkjtZTUHo7VAeQ9orpd1BA=,52JijJtRQ9VXOWeuKC0HO/KPR7k=
75,28,BA4WJFkjtZTUHo7VAeQ9orpd1BA=,fyzDOV2W9vrYnRpy/Yu7rc0QU3M=
74,31,BA4WJFkjtZTUHo7VAeQ9orpd1BA=,+d1PWXgW00z9syKhQ7Ku5azmJVA=
79,31,BA4WJFkjtZTUHo7VAeQ9orpd1BA=,72qQ6aClEJc/4RhITfuf540iRC0=
79,29,BA4WJFkjtZTUHo7VAeQ9orpd1BA=,W0OU0PwD1NFzEMKCWv9sN1TXwsQ=
79,30,BA4WJFkjtZTUHo7VAeQ9orpd1BA=,72qQ6aClEJc/4RhITfuf540iRC0=
79,28,BA4WJFkjtZTUHo7VAeQ9orpd1BA=,W0OU0PwD1NFzEMKCWv9sN1TXwsQ=
74,28,BA4WJFkjtZTUHo7VAeQ9orpd1BA=,fyzDOV2W9vrYnRpy/Yu7rc0QU3M=
72,28,BA4WJFkjtZTUHo7VAeQ9orpd1BA=,EBvjgbFepvONxTCv4qyhS1UC2Qk=
71,28,BA4WJFkjtZTUHo7VAeQ9orpd1BA=,9N0pvOPgyd96CaogUsodrFv+g6k=
73,28,BA4WJFkjtZTUHo7VAeQ9orpd1BA=,EBvjgbFepvONxTCv4qyhS1UC2Qk=
84,30,5XJVpBgpOIpzzv13e7F/0WxMnvo=,bxLwjtGar1faluKMbTI/TSuahrg=
84,29,5XJVpBgpOIpzzv13e7F/0WxMnvo=,nJZwJ5GqTsBlYvYjB55BWavLOF0=
83,29,5XJVpBgpOIpzzv13e7F/0WxMnvo=,GI2ER4uMUvxckY1ZHIGaYfEDs2s=
83,30,5XJVpBgpOIpzzv13e7F/0WxMnvo=,GI2ER4uMUvxckY1ZHIGaYfEDs2s=
81,29,5XJVpBgpOIpzzv13e7F/0WxMnvo=,CYtruXnQHoxjqonXtmS74GvZCR0=
82,30,5XJVpBgpOIpzzv13e7F/0WxMnvo=,GI2ER4uMUvxckY1ZHIGaYfEDs2s=
81,30,5XJVpBgpOIpzzv13e7F/0WxMnvo=,N5fSKC86URQG6zmgyyyt0TRVQwM=
82,29,5XJVpBgpOIpzzv13e7F/0WxMnvo=,GI2ER4uMUvxckY1ZHIGaYfEDs2s=
86,30,5XJVpBgpOIpzzv13e7F/0WxMnvo=,z8YITYNvJr/QUFDWyxpQCovqXxI=
85,30,5XJVpBgpOIpzzv13e7F/0WxMnvo=,bxLwjtGar1faluKMbTI/TSuahrg=
88,29,5XJVpBgpOIpzzv13e7F/0WxMnvo=,JyUcfRQNPWp6iRkKddQGULQ8NQY=
87,30,5XJVpBgpOIpzzv13e7F/0WxMnvo=,z8YITYNvJr/QUFDWyxpQCovqXxI=
88,30,5XJVpBgpOIpzzv13e7F/0WxMnvo=,JkjWsjLitAqJvavXjzD1gU1VjDM=
86,29,5XJVpBgpOIpzzv13e7F/0WxMnvo=,iXsqgEfijKmTjGPKAwhMvneU6kA=
88,28,5XJVpBgpOIpzzv13e7F/0WxMnvo=,JyUcfRQNPWp6iRkKddQGULQ8NQY=
87,28,5XJVpBgpOIpzzv13e7F/0WxMnvo=,iXsqgEfijKmTjGPKAwhMvneU6kA=
86,28,5XJVpBgpOIpzzv13e7F/0WxMnvo=,iXsqgEfijKmTjGPKAwhMvneU6kA=
85,28,5XJVpBgpOIpzzv13e7F/0WxMnvo=,nJZwJ5GqTsBlYvYjB55BWavLOF0=
85,29,5XJVpBgpOIpzzv13e7F/0WxMnvo=,nJZwJ5GqTsBlYvYjB55BWavLOF0=
87,29,5XJVpBgpOIpzzv13e7F/0WxMnvo=,iXsqgEfijKmTjGPKAwhMvneU6kA=
87,31,5XJVpBgpOIpzzv13e7F/0WxMnvo=,z8YITYNvJr/QUFDWyxpQCovqXxI=
88,31,5XJVpBgpOIpzzv13e7F/0WxMnvo=,JkjWsjLitAqJvavXjzD1gU1VjDM=
85,31,5XJVpBgpOIpzzv13e7F/0WxMnvo=,bxLwjtGar1faluKMbTI/TSuahrg=
86,31,5XJVpBgpOIpzzv13e7F/0WxMnvo=,z8YITYNvJr/QUFDWyxpQCovqXxI=
80,31,5XJVpBgpOIpzzv13e7F/0WxMnvo=,N5fSKC86URQG6zmgyyyt0TRVQwM=
89,31,5XJVpBgpOIpzzv13e7F/0WxMnvo=,JkjWsjLitAqJvavXjzD1gU1VjDM=
89,29,5XJVpBgpOIpzzv13e7F/0WxMnvo=,JyUcfRQNPWp6iRkKddQGULQ8NQY=
89,28,5XJVpBgpOIpzzv13e7F/0WxMnvo=,JyUcfRQNPWp6iRkKddQGULQ8NQY=
89,30,5XJVpBgpOIpzzv13e7F/0WxMnvo=,JkjWsjLitAqJvavXjzD1gU1VjDM=
82,28,5XJVpBgpOIpzzv13e7F/0WxMnvo=,GI2ER4uMUvxckY1ZHIGaYfEDs2s=
83,28,5XJVpBgpOIpzzv13e7F/0WxMnvo=,GI2ER4uMUvxckY1ZHIGaYfEDs2s=
84,28,5XJVpBgpOIpzzv13e7F/0WxMnvo=,nJZwJ5GqTsBlYvYjB55BWavLOF0=
81,28,5XJVpBgpOIpzzv13e7F/0WxMnvo=,CYtruXnQHoxjqonXtmS74GvZCR0=
80,29,5XJVpBgpOIpzzv13e7F/0WxMnvo=,CYtruXnQHoxjqonXtmS74GvZCR0=
80,30,5XJVpBgpOIpzzv13e7F/0WxMnvo=,N5fSKC86URQG6zmgyyyt0TRVQwM=
80,28,5XJVpBgpOIpzzv13e7F/0WxMnvo=,CYtruXnQHoxjqonXtmS74GvZCR0=
81,31,5XJVpBgpOIpzzv13e7F/0WxMnvo=,N5fSKC86URQG6zmgyyyt0TRVQwM=
84,31,5XJVpBgpOIpzzv13e7F/0WxMnvo=,bxLwjtGar1faluKMbTI/TSuahrg=
82,31,5XJVpBgpOIpzzv13e7F/0WxMnvo=,GI2ER4uMUvxckY1ZHIGaYfEDs2s=
83,31,5XJVpBgpOIpzzv13e7F/0WxMnvo=,GI2ER4uMUvxckY1ZHIGaYfEDs2s=
